,investor,cryptocurrency,announced_on
0,0,KRT,2019-02
1,0,LUNA,2019-02
2,0,SDT,2019-02
3,1,HNT,2021-08
4,2,MOB,2021-08
5,3,AUDIO,2018-08
6,3,UDT,2018-06
7,4,ATOM,2021-05
8,4,CKB,2018-07
9,4,INDEX,2021-07
10,4,MKR,2017-12
11,4,MVI,2021-07
12,4,NXM,2021-02
13,5,AR,2018-06
14,5,CKB,2018-07
15,5,DPI,2021-05
16,5,GTC,2021-04
17,5,INDEX,2021-07
18,5,KRT,2018-08
19,5,LQTY,2020-09
20,5,LUNA,2018-08
21,5,MVI,2021-05
22,5,NFTI,2021-05
23,5,SDT,2018-08
24,5,SI,2021-03
25,5,ZOMB,2020-11
26,6,KAVA,2019-02
27,7,CAS,2016-07
28,8,PTF,2020-09
29,8,SPS,2021-07
30,8,STEP,2021-04
31,8,TLM,2021-03
32,8,UNN,2020-11
33,9,GMEE,2018-12
34,10,BVOL,2021-07
35,10,FTT,2021-07
36,10,HEDGE,2021-07
37,11,RLY,2020-02
38,12,CTXC,2021-05
39,13,CRE,2018-06
40,13,NOIA,2019-07
41,13,TT,2019-05
42,14,AXS,2019-08
43,14,CKB,2018-07
44,14,COCOS,2018-09
45,14,GMEE,2016-04
46,14,HYVE,2019-07
47,14,LBA,2018-04
48,14,OST,2016-11
49,14,RAISE,2021-02
50,14,SLP,2019-08
51,14,SOL,2018-06
52,15,AXS,2019-11
53,15,SLP,2019-11
54,16,KEEP,2016-04
55,16,UGAS,2018-05
56,17,BUX,2015-09
57,18,LPT,2021-07
58,19,$KING,2020-10
59,20,BETH,2017-03
60,20,BIX,2017-11
61,20,BLZ,2018-01
62,20,CEN,2018-06
63,20,DOT,2019-08
64,20,ELF,2017-12
65,20,EMB,2018-04
66,20,ETH,2017-03
67,20,FTM,2018-06
68,20,GTO,2017-12
69,20,GZIL,2017-12
70,20,ICX,2017-09
71,20,IOTX,2018-02
72,20,KNC,2017-09
73,20,KNCL,2017-09
74,20,LBA,2018-03
75,20,MOB,2018-04
76,20,NAS,2017-12
77,20,ONG,2018-02
78,20,ONT,2018-02
79,20,QASH,2017-11
80,20,QKC,2018-05
81,20,RIF,2018-05
82,20,UGAS,2018-07
83,20,WAN,2018-09
84,20,WFTM,2018-06
85,20,ZIL,2017-12
86,20,ZRX,2017-08
87,21,BERRY,2017-10
88,22,DMD,2017-03
89,22,ICX,2021-08
90,23,HPB,2018-06
91,24,STMX,2017-01
92,25,CELO,2019-04
93,25,ICP,2018-08
94,26,LQTY,2020-09
95,26,SC,2020-09
96,26,UNI,2020-08
97,26,YGG,2021-06
98,27,SHEESHA,2021-04
99,28,VIB,2016-04
100,29,BUX,2021-04
101,30,ETHA,2021-03
102,31,VSP,2016-12
103,32,$COIN,2014-05
104,33,AAPX,2018-07
105,33,UTU,2018-07
106,34,SPS,2021-07
107,35,XRP,2016-09
108,36,TOTM,2021-03
109,37,XRP,2015-05
110,38,MPH,2020-08
111,39,CDT,2021-01
112,40,BOX,2018-06
113,40,CRE,2018-05
114,40,DG,2021-06
115,40,DON,2021-04
116,40,DOP,2021-05
117,40,DOT,2019-06
118,40,DWZ,2021-02
119,40,EGLD,2019-07
120,40,ETHA,2021-03
121,40,FORM,2021-05
122,40,GRT,2020-06
123,40,HOPR,2020-07
124,40,INJ,2020-07
125,40,IOTX,2018-02
126,40,ISP,2021-05
127,40,LEV,2021-04
128,40,MAKI,2021-04
129,40,MARSH,2021-03
130,40,MOB,2018-04
131,40,MTRG,2019-05
132,40,NAOS,2021-04
133,40,ONE,2019-04
134,40,RAGE,2021-03
135,40,REEF,2020-09
136,40,ROYA,2021-01
137,40,TBC,2021-04
138,40,TIDAL,2020-12
139,40,TSX,2021-04
140,40,TVK,2020-11
141,40,XPRT,2020-10
142,40,ZIG,2021-04
143,40,eMTRG,2019-05
144,40,erowan,2020-08
145,41,RLY,2012-06
146,42,AVAX,2019-02
147,42,CBAT,2018-05
148,42,CCOMP,2018-05
149,42,CDAI,2018-05
150,42,CLOUT,2021-03
151,42,COMP,2018-05
152,42,CREP,2018-05
153,42,CUNI,2018-05
154,42,CWBTC,2018-05
155,42,CZRX,2018-05
156,42,XRP,2016-09
157,43,AUCTION,2018-08
158,43,BTT,2008-09
159,43,GMEE,2011-11
160,43,RAISE,2015-01
161,43,RLY,2021-05
162,43,VGX,2018-10
163,44,AUCTION,2019-01
164,45,MAKI,2021-04
165,46,XRP,2016-09
166,47,CKB,2019-10
167,47,FOX,2017-03
168,47,HNS,2020-03
169,48,API3,2020-11
170,48,BAL,2020-03
171,48,MINA,2019-04
172,48,NEAR,2019-07
173,48,VSP,2016-12
174,49,LEV,2021-04
175,50,XRP,2020-04
176,51,CTXC,2021-05
177,52,CXO,2016-07
178,53,MOB,2021-08
179,54,BEAM,2021-05
180,55,ASAP,2021-04
181,55,ATA,2021-03
182,55,BAL,2021-02
183,55,CONV,2021-02
184,55,DODO,2020-10
185,55,HNT,2021-08
186,55,IF,2021-06
187,55,INSUR,2021-02
188,55,LDO,2021-05
189,55,LINA,2020-09
190,55,LQTY,2021-03
191,55,MAPS,2021-01
192,55,MASK,2020-11
193,55,MATH,2020-11
194,55,MOB,2021-08
195,55,MPL,2020-12
196,55,OIN,2020-08
197,55,OPIUM,2020-10
198,55,OXY,2021-02
199,55,PERP,2020-08
200,55,RAMP,2020-08
201,55,RAZOR,2020-11
202,55,REEF,2021-03
203,55,SLRS,2021-07
204,55,SOL,2021-06
205,55,STEP,2021-04
206,55,STETH,2021-05
207,55,TRU,2021-08
208,55,UNN,2020-11
209,55,XPRT,2020-10
210,55,erowan,2020-08
211,56,BEST,2021-08
212,56,BVOL,2021-07
213,56,FTT,2021-07
214,56,HEDGE,2021-07
215,57,DXT,2015-09
216,57,UTK,2020-03
217,58,BOS,2017-09
218,58,DMT,2017-12
219,58,DRGN,2017-10
220,58,SUB,2017-08
221,58,WISH,2017-10
222,59,CBAT,2018-05
223,59,CCOMP,2018-05
224,59,CDAI,2018-05
225,59,COMP,2018-05
226,59,CREP,2018-05
227,59,CUNI,2018-05
228,59,CWBTC,2018-05
229,59,CZRX,2018-05
230,60,SHIFT,2014-05
231,61,LQTY,2020-09
232,61,MASK,2020-11
233,61,NMR,2016-04
234,61,PERP,2020-08
235,62,BAT,2017-05
236,62,BETH,2017-05
237,62,BNT,2017-06
238,62,DMT,2017-12
239,62,ETH,2017-05
240,62,GRID,2017-10
241,62,PAY,2017-06
242,62,POWR,2017-09
243,62,REP,2015-10
244,62,SAN,2017-07
245,62,VBNT,2017-06
246,63,GMEE,2019-05
247,64,AXS,2021-05
248,64,CLOUT,2021-03
249,64,OGN,2018-04
250,64,RLY,2020-09
251,64,SLP,2021-05
252,65,YLDY,2020-10
253,66,BAT,2017-05
254,66,DASH,2017-06
255,66,XRP,2013-04
256,67,SHIFT,2018-05
257,68,SPORTS,2021-03
258,69,DMT,2020-06
259,70,RLY,2019-12
260,71,$KING,2020-10
261,71,ACXT,2020-09
262,71,AGIX,2020-03
263,71,CEL,2020-01
264,71,CRE,2020-03
265,71,PRE,2020-03
266,71,QNT,2020-07
267,71,SHR,2020-06
268,71,SPS,2021-07
269,71,XDB,2020-05
270,72,BIKI,2019-11
271,72,PLA,2018-11
272,73,FIN,2020-10
273,73,KEX,2020-08
274,73,LBA,2018-04
275,73,LTX,2020-09
276,73,PLA,2018-11
277,73,PLU,2021-05
278,73,ROYA,2021-01
279,73,STMX,2017-10
280,73,STPT,2019-06
281,73,STRAX,2021-02
282,73,TOTM,2021-03
283,73,YLD,2020-12
284,74,UNN,2020-11
285,75,MNTP,2018-09
286,76,BEAM,2021-05
287,77,BVOL,2021-07
288,77,FTT,2021-07
289,77,HEDGE,2021-07
290,78,BEAM,2021-05
291,78,MARSH,2021-03
292,78,OOE,2021-03
293,79,PAX,2020-12
294,79,PAXG,2020-12
295,80,ALGO,2018-07
296,80,CBAT,2019-07
297,80,CCOMP,2019-07
298,80,CDAI,2019-07
299,80,COMP,2019-07
300,80,CREP,2019-07
301,80,CUNI,2019-07
302,80,CWBTC,2019-07
303,80,CZRX,2019-07
304,80,FIL,2017-09
305,80,RAISE,2020-01
306,80,SHIFT,2017-07
307,80,STX,2017-12
308,80,TOP,2018-10
309,80,VSP,2018-05
310,81,SPS,2019-04
311,82,VSP,2016-12
312,83,CXO,2016-01
313,84,MATH,2020-12
314,85,VSP,2018-05
315,86,MARSH,2021-03
316,87,ICP,2014-01
317,87,KNC,2017-09
318,87,KNCL,2017-09
319,87,NU,2017-12
320,88,NEAR,2019-07
321,89,SENSE,2014-12
322,90,HOT,2017-03
323,91,INST,2021-06
324,92,NU,2017-12
325,93,ASP,2018-03
326,93,GASP,2018-03
327,94,DATA,2017-10
328,94,DOT,2017-10
329,94,GNX,2017-11
330,94,KNC,2017-09
331,94,KNCL,2017-09
332,94,LINK,2017-09
333,94,OMG,2017-04
334,94,POWR,2017-09
335,94,UTK,2017-11
336,94,WAXP,2017-11
337,94,ZRX,2017-06
338,95,PAY,2017-03
339,96,AR,2019-11
340,96,AVAX,2019-02
341,96,CBAT,2018-05
342,96,CCOMP,2018-05
343,96,CDAI,2018-05
344,96,CELO,2018-06
345,96,CLOUT,2021-09
346,96,COMP,2018-05
347,96,CREP,2018-05
348,96,CUNI,2018-05
349,96,CWBTC,2018-05
350,96,CZRX,2018-05
351,96,FIL,2017-08
352,96,HNT,2021-08
353,96,ICP,2018-02
354,96,KEEP,2018-04
355,96,MKR,2017-12
356,96,NEAR,2020-05
357,96,OXT,2017-10
358,96,SHIFT,2018-02
359,96,SOL,2021-06
360,96,TRU,2021-08
361,96,UNI,2020-08
362,96,XCH,2018-03
363,96,XRP,2013-04
364,96,YGG,2021-08
365,97,PUSH,2020-12
366,97,SPIKE,2016-09
367,98,IFT,2014-11
368,99,PERP,2020-08
369,100,BOND,2020-09
370,101,DPI,2018-12
371,101,MVI,2018-12
372,101,NFTI,2018-12
373,102,LHT,2017-08
374,103,CREA,2019-06
375,104,IF,2021-06
376,104,LQTY,2021-03
377,105,SHIFT,2014-05
378,106,INXT,2021-01
379,107,BXX,2018-09
380,108,MARSH,2021-03
381,109,LPT,2021-07
382,110,AXS,2019-11
383,110,BOSON,2021-03
384,110,MANA,2018-10
385,110,MASK,2021-02
386,110,SLP,2019-11
387,110,SPS,2021-07
388,110,TLM,2021-03
389,110,UTU,2019-12
390,110,WILD,2021-05
391,110,YGG,2021-03
392,111,DVF,2021-05
393,112,HNS,2015-03
394,113,RLY,2018-09
395,114,QTUM,2017-01
396,114,RIF,2017-05
397,114,STMX,2017-08
398,115,DVF,2021-05
399,115,PUSH,2020-12
400,116,IFT,2016-01
401,117,STMX,2021-04
402,118,IMPACT,2021-01
403,118,XST,2020-11
404,119,AMM,2015-08
405,120,DOT,2017-10
406,121,GMEE,2021-05
407,122,BETH,2015-12
408,122,BTC,2013-04
409,122,ETH,2015-12
410,122,LTC,2014-03
411,122,MET,2018-06
412,122,RDN,2017-10
413,122,XMR,2015-09
414,123,ASP,2019-08
415,123,GASP,2019-08
416,124,STMX,2017-08
417,125,CELO,2018-06
418,126,TSX,2019-08
419,127,RLY,2012-06
420,128,ENJ,2021-06
421,128,HOPR,2020-07
422,128,INSUR,2021-02
423,128,XEND,2021-02
424,128,wSIENNA,2021-05
425,129,SHX,2018-07
426,130,AERGO,2018-11
427,130,AI,2021-07
428,130,AMPL,2018-12
429,130,AR,2018-06
430,130,ARPA,2018-08
431,130,CHR,2019-01
432,130,CLOUT,2021-09
433,130,CRE,2018-05
434,130,ENJ,2021-06
435,130,FORTH,2018-12
436,130,FTM,2018-06
437,130,KAVA,2019-02
438,130,KRT,2018-08
439,130,LEO,2019-05
440,130,LUNA,2018-08
441,130,MTV,2018-09
442,130,NEAR,2019-07
443,130,NEXO,2018-03
444,130,NKN,2018-03
445,130,NU,2018-04
446,130,POND,2019-07
447,130,RAMP,2020-08
448,130,SDT,2018-08
449,130,SKL,2019-10
450,130,TT,2019-02
451,130,UGAS,2018-07
452,130,UPT,2018-08
453,130,VEGA,2021-03
454,130,WFTM,2018-06
455,130,XPRT,2020-10
456,131,VGX,2018-06
457,132,SHIFT,2020-10
458,133,CTSI,2018-05
459,133,UTU,2019-12
460,134,XYO,2018-03
461,135,RLY,2018-01
462,136,ARCH,2020-10
463,136,FXS,2020-07
464,136,KEX,2020-08
465,136,YGG,2021-03
466,137,AUDIO,2018-08
467,138,CVC,2016-01
468,139,KDA,2017-04
469,140,ICP,2018-08
470,140,SKL,2018-10
471,141,INDEX,2021-07
472,141,MVI,2021-07
473,142,GMEE,2018-12
474,143,YGG,2021-08
475,144,SNT,2014-03
476,145,CFG,2019-10
477,145,NEU,2017-01
478,145,WCFG,2019-10
479,146,HOT,2021-08
480,147,QQQ,2020-12
481,148,PUSH,2020-12
482,149,EGLD,2019-07
483,150,RLY,2019-12
484,151,XRP,2012-10
485,152,CWAP,2021-05
486,152,DOP,2021-05
487,152,INJ,2020-07
488,153,MIX,2019-01
489,154,AUCTION,2019-06
490,155,SAND,2020-03
491,156,QASH,2017-11
492,157,FLEX,2019-08
493,157,LGO,2020-04
494,158,HNS,2016-12
495,159,ONE,2019-04
496,160,YGG,2021-06
497,161,DOV,2018-11
498,162,SHIFT,2017-07
499,163,BOSON,2021-03
500,163,IF,2021-06
501,163,PUSH,2020-12
502,164,BIA,2019-04
503,164,KEX,2020-12
504,164,RAZOR,2020-11
505,165,TBC,2021-04
506,166,CEEK,2017-04
507,167,VSP,2018-05
508,168,VSP,2018-05
509,169,CBAT,2018-05
510,169,CCOMP,2018-05
511,169,CDAI,2018-05
512,169,COMP,2018-05
513,169,CREP,2018-05
514,169,CUNI,2018-05
515,169,CWBTC,2018-05
516,169,CZRX,2018-05
517,169,SC,2020-09
518,170,AVAX,2019-02
519,170,GTC,2021-04
520,170,INST,2019-10
521,170,MASK,2020-11
522,170,PUSH,2020-12
523,170,RAD,2021-02
524,171,OCEAN,2018-03
525,171,OGN,2018-04
526,172,LBA,2018-05
527,173,NU,2016-08
528,174,TEL,2017-09
529,175,BERRY,2020-05
530,176,ASP,2019-08
531,176,GASP,2019-08
532,177,BERRY,2017-10
533,178,DMD,2017-03
534,179,PAX,2013-11
535,179,PAXG,2013-11
536,179,STX,2014-11
537,179,ZEC,2016-01
538,180,PUSH,2020-12
539,181,LPT,2019-06
540,182,ALGO,2018-07
541,182,AR,2018-06
542,183,MOB,2021-08
543,184,BEAM,2021-05
544,185,XCN,2018-09
545,186,KEEP,2015-04
546,187,RAISE,2013-11
547,187,SC,2020-09
548,188,UDT,2018-06
549,189,IF,2021-06
550,190,FTM,2018-06
551,190,WFTM,2018-06
552,191,BZNT,2018-06
553,192,CTSI,2018-05
554,193,STMX,2017-01
555,194,POWR,2017-09
556,195,1INCH,2020-08
557,195,BAND,2019-09
558,195,BIDR,2020-05
559,195,BVOL,2019-12
560,195,COS,2018-09
561,195,DODO,2020-10
562,195,EGLD,2019-07
563,195,FTT,2019-12
564,195,HEDGE,2019-12
565,195,HOPR,2019-04
566,195,INJ,2018-10
567,195,KRT,2018-08
568,195,LUNA,2018-08
569,195,MASK,2021-04
570,195,MATH,2020-12
571,195,MOB,2018-04
572,195,OOE,2021-03
573,195,PERP,2020-08
574,195,POND,2019-07
575,195,SDT,2018-08
576,195,TKO,2020-05
577,195,TRB,2019-03
578,196,SENSE,2017-12
579,197,RAZOR,2020-11
580,198,HUB,2018-06
581,198,NU,2018-04
582,199,MARSH,2021-03
583,199,STAKE,2019-08
584,199,ZIG,2021-04
585,200,DG,2021-06
586,200,DOP,2021-05
587,200,IF,2021-06
588,200,INJ,2020-07
589,200,MPL,2020-12
590,200,PENDLE,2021-05
591,200,USF,2021-03
592,200,erowan,2020-08
593,201,DUSK,2020-09
594,201,FOX,2015-09
595,202,RIF,2017-05
596,202,SHFT,2019-12
597,203,INJ,2020-07
598,203,PENDLE,2021-05
599,204,AVAX,2020-06
600,204,KAN,2016-04
601,204,NU,2018-04
602,204,NULS,2018-07
603,204,QASH,2019-04
604,204,RIF,2016-03
605,205,HPB,2018-06
606,205,STAKE,2019-08
607,205,UGAS,2018-07
608,206,MINA,2020-10
609,206,OCC,2021-06
610,206,RAZOR,2020-11
611,207,ICX,2020-08
612,208,MoFi,2021-04
613,209,DON,2021-04
614,209,KEX,2020-12
615,209,MARSH,2021-03
616,210,BNB,2017-09
617,211,QARK,2021-05
618,212,OST,2016-11
619,213,EWT,2018-07
620,214,CXO,2018-08
621,215,KRT,2021-06
622,215,LUNA,2021-06
623,215,SDT,2021-06
624,216,OPT,2020-07
625,217,MKR,2020-04
626,218,CVC,2016-01
627,219,AERGO,2018-11
628,219,DAV,2018-04
629,219,META,2018-05
630,220,ASAP,2021-04
631,220,BYN,2021-06
632,220,NAOS,2021-04
633,220,TSX,2021-04
634,220,YLDY,2021-04
635,221,NKN,2019-07
636,222,MEM,2021-05
637,223,BETH,2015-12
638,223,ETH,2015-12
639,223,LTC,2014-03
640,223,MET,2018-06
641,223,RDN,2017-10
642,223,XMR,2015-09
643,224,CHEX,2021-02
644,224,PUML,2019-12
645,225,IDLE,2020-11
646,226,BOSON,2021-03
647,227,ENJ,2021-06
648,227,FUN,2017-07
649,227,HBAR,2018-08
650,227,INJ,2021-04
651,227,LBA,2018-04
652,227,MOB,2021-08
653,227,OGN,2018-04
654,227,SHFT,2021-03
655,227,SOL,2019-07
656,227,TRU,2021-08
657,227,YGG,2021-03
658,228,ANKR,2018-06
659,228,BLOC,2018-01
660,228,BOX,2018-06
661,228,CELR,2018-07
662,228,COCOS,2018-09
663,228,DATX,2018-05
664,228,DDD,2018-02
665,228,DX,2018-02
666,228,GTO,2018-01
667,228,IOTX,2018-10
668,228,IOV,2018-03
669,228,LBA,2017-10
670,228,MEET,2017-11
671,228,MTN,2017-09
672,228,NKN,2018-03
673,228,OCEAN,2017-11
674,228,OGN,2017-05
675,228,ONG,2018-04
676,228,ONT,2018-04
677,228,PNT,2018-06
678,228,QKC,2017-10
679,228,REN,2018-01
680,228,RENFIL,2018-01
681,228,RIF,2016-06
682,228,SKM,2018-05
683,228,STPT,2019-06
684,228,TROY,2019-07
685,228,UUU,2018-05
686,228,VET,2018-04
687,229,ABL,2018-06
688,229,ARIA20,2018-11
689,229,BZNT,2018-02
690,229,CTXC,2018-02
691,229,DOCK,2018-02
692,229,FSN,2018-01
693,229,HPB,2018-06
694,229,NOIA,2019-04
695,229,OIN,2020-08
696,229,PXL,2018-10
697,229,RAMP,2020-08
698,229,TM2,2018-05
699,229,WIKEN,2019-05
700,230,1INCH,2020-12
701,230,AAVE,2020-10
702,230,AUCTION,2020-03
703,230,BAL,2021-05
704,230,BNT,2017-06
705,230,CKB,2018-07
706,230,CVC,2016-01
707,230,DIGG,2021-03
708,230,FOX,2017-03
709,230,NXM,2021-02
710,230,OXT,2017-10
711,230,PAX,2015-05
712,230,PAXG,2015-05
713,230,SENSE,2017-12
714,230,STX,2017-12
715,230,VBNT,2017-06
716,230,XRP,2015-05
717,231,BOND,2020-09
718,232,BXX,2018-09
719,232,FIN,2019-01
720,232,RFOX,2019-01
721,232,RPZX,2019-06
722,232,SPS,2019-04
723,232,TBC,2021-05
724,232,VFOX,2019-01
725,233,SENSE,2017-12
726,234,TRIO,2018-02
727,235,AAVE,2020-10
728,235,CLOUT,2021-09
729,235,DVF,2021-05
730,235,ENJ,2019-10
731,235,OGN,2018-04
732,235,TBC,2021-04
733,235,ZRX,2021-02
734,236,AUDIO,2020-07
735,236,CLOUT,2021-09
736,236,NEAR,2020-05
737,236,SKL,2018-10
738,236,SOL,2019-07
739,237,MITH,2018-01
740,238,BYN,2021-06
741,238,DOP,2021-05
742,238,TBC,2021-04
743,239,FET,2018-06
744,239,HBAR,2018-05
745,239,SHFT,2018-09
746,240,ENG,2021-03
747,241,GMEE,2021-07
748,242,CFG,2018-03
749,242,DCR,2018-06
750,242,FIL,2017-08
751,242,WCFG,2018-03
752,243,BOX,2018-06
753,243,PLA,2018-11
754,244,TOTM,2021-03
755,245,SHFT,2020-01
756,246,BXX,2020-09
757,246,CS,2016-02
758,246,MAID,2016-10
759,246,PASS,2020-09
760,246,SENSE,2017-12
761,246,STORJ,2017-02
762,246,YLD,2020-12
763,247,BOX,2018-06
764,247,HUB,2018-06
765,247,LQTY,2021-03
766,247,QTUM,2017-01
767,248,IF,2021-06
768,249,HBAR,2021-02
769,250,CTXC,2021-05
770,251,XIN,2015-09
771,252,HNS,2012-11
772,253,GMEE,2019-05
773,254,UBQ,2014-11
774,255,BVOL,2021-07
775,255,FTT,2021-07
776,255,HEDGE,2021-07
777,255,ICX,2021-08
778,256,PTOY,2016-01
779,257,SPIKE,2016-09
780,258,ANT,2013-01
781,258,DFX,2021-02
782,258,DNT,2017-08
783,258,DOT,2017-10
784,258,FIL,2017-08
785,258,LBA,2017-11
786,258,MANA,2017-08
787,258,POP,2016-11
788,258,SKL,2018-10
789,258,ZRX,2017-01
790,259,ALGO,2020-08
791,259,ARCC,2020-03
792,259,RAZOR,2020-11
793,259,STKR,2020-08
794,259,YLDY,2021-04
795,260,VSP,2018-05
796,261,LPT,2018-02
797,261,OXT,2018-04
798,261,SHIFT,2018-02
799,261,UMA,2020-09
800,262,INJ,2020-07
801,262,PTF,2020-09
802,263,MPAY,2018-06
803,264,ARIA20,2021-03
804,264,PCL,2019-06
805,265,MLN,2017-10
806,266,IND,2019-06
807,267,MOB,2021-08
808,268,CKB,2018-07
809,268,XCH,2021-05
810,269,AMPL,2018-03
811,269,FORTH,2018-03
812,270,STMX,2017-10
813,271,ID,2013-04
814,272,BOSON,2021-03
815,272,FORM,2021-05
816,272,MARSH,2021-03
817,272,TBC,2021-04
818,273,PUML,2018-08
819,274,FOX,2015-09
820,275,HUB,2020-07
821,276,AUCTION,2020-01
822,277,ID,2012-01
823,278,BNB,2017-01
824,278,STX,2018-01
825,279,EBK,2020-02
826,280,CS,2016-02
827,281,TPT,2018-04
828,282,NRVE,2017-04
829,283,CAPP,2015-12
830,284,ICX,2018-10
831,285,DEXTF,2019-11
832,286,KYL,2011-08
833,287,VGX,2021-03
834,288,DF,2020-04
835,289,XRP,2015-05
836,290,NAOS,2021-04
837,291,ASAP,2021-04
838,291,AVAX,2021-09
839,291,CONV,2021-02
840,291,DDX,2020-07
841,291,DFX,2021-02
842,291,DODO,2020-10
843,291,IF,2021-06
844,291,INJ,2021-04
845,291,LINA,2020-09
846,291,MAPS,2021-01
847,291,OOE,2021-03
848,291,OXY,2021-02
849,291,PENDLE,2021-05
850,291,PERP,2020-08
851,291,PTF,2020-09
852,291,SI,2020-12
853,291,SLRS,2021-07
854,291,SOL,2021-06
855,291,VEGA,2021-03
856,291,YLDY,2021-04
857,292,GDT,2021-04
858,292,VEGA,2021-03
859,293,CWAP,2021-05
860,293,GMEE,2021-02
861,294,ETHIX,2019-03
862,295,XRP,2015-05
863,296,NANO,
864,297,ZINC,2016-06
865,298,XGT,2019-11
866,299,ENG,2016-09
867,300,HOPR,2020-07
868,301,INJ,2021-04
869,302,INXT,2020-03
870,303,SPORTS,2021-03
871,304,DDX,2020-07
872,304,IF,2021-06
873,304,LQTY,2021-03
874,304,PERP,2020-08
875,305,RIF,2016-01
876,306,BZZ,2013-01
877,306,MOBI,2017-11
878,306,XRP,2013-05
879,307,CTXC,2016-03
880,308,PAX,2013-11
881,308,PAXG,2013-11
882,308,SKL,2018-10
883,309,SHX,2018-07
884,310,ATN,2018-02
885,311,ICX,2018-10
886,312,CTXC,2012-06
887,313,MATH,2020-12
888,314,BOSON,2021-03
889,315,MOBI,2017-04
890,316,ATOM,2017-03
891,316,HOT,2018-04
892,316,ICX,2017-09
893,316,KRT,2017-12
894,316,LUNA,2017-12
895,316,PAY,2017-06
896,316,SDT,2017-12
897,316,WGR,2017-06
898,316,ZRX,2017-08
899,317,HUM,2018-08
900,318,SPIKE,2018-08
901,319,OXY,2021-02
902,319,SRM,2020-07
903,320,DFX,2021-02
904,321,APPC,2017-12
905,322,MVL,2019-12
906,323,BOND,2020-09
907,324,HBAR,2021-02
908,325,ALI,2018-03
909,325,BOX,2018-06
910,325,CKB,2018-07
911,325,TRIO,2018-02
912,325,UGAS,2018-07
913,326,BLZ,2018-01
914,326,CELR,2018-07
915,326,DGX,2016-03
916,326,ELF,2017-12
917,326,ETHA,2021-03
918,326,ETP,2015-11
919,326,GAS,2014-06
920,326,KNC,2017-09
921,326,KNCL,2017-09
922,326,NEO,2014-06
923,326,OGN,2018-07
924,326,OMG,2017-04
925,326,PAY,2017-04
926,326,PNT,2018-01
927,326,QKC,2018-03
928,327,EVT,2018-08
929,328,GZIL,2018-01
930,328,TT,2018-01
931,328,ZIL,2018-01
932,329,USF,2021-03
933,330,HNS,2018-10
934,331,ALI,2018-03
935,332,MARSH,2021-03
936,333,CBAT,2018-05
937,333,CCOMP,2018-05
938,333,CDAI,2018-05
939,333,COMP,2018-05
940,333,CREP,2018-05
941,333,CUNI,2018-05
942,333,CWBTC,2018-05
943,333,CZRX,2018-05
944,334,LPT,2017-05
945,335,IFT,2015-10
946,336,HNS,2015-03
947,337,STMX,2021-04
948,338,SPIKE,2016-09
949,339,SHIFT,2018-09
950,339,UDT,2018-06
951,340,DMD,2017-03
952,341,CHEX,2021-02
953,342,CEN,2018-06
954,343,CTSI,2018-05
955,344,AUCTION,2019-01
956,345,ETHIX,2020-04
957,346,CVC,2016-01
958,347,BNB,2017-11
959,347,SOL,2018-06
960,347,SRM,2020-07
961,347,ZRX,2017-06
962,348,SENSE,2016-08
963,349,HBAR,2018-05
964,350,HVE2,2018-09
965,351,RAGE,2021-03
966,351,YLD,2020-12
967,352,STMX,2021-04
968,353,ICX,2018-10
969,354,ICX,2020-08
970,355,BUX,2021-04
971,356,SENSE,2016-08
972,357,MOBI,2018-05
973,358,FEVR,2018-01
974,359,DG,2021-06
975,359,MPL,2020-12
976,359,UNN,2020-11
977,360,ARIA20,2021-03
978,361,HNS,2021-05
979,361,KEEP,2021-01
980,362,AR,2018-06
981,362,ARPA,2018-08
982,362,CKB,2021-01
983,362,IOTX,2018-02
984,362,KEEP,2018-04
985,362,KRT,2018-06
986,362,LUNA,2018-06
987,362,NMR,2018-06
988,362,NU,2018-04
989,362,SDT,2018-06
990,363,DOT,2019-02
991,364,KAVA,2019-02
992,365,IF,2021-06
993,366,ANT,2020-02
994,366,API3,2020-11
995,366,BAL,2021-02
996,366,DOT,2020-08
997,366,GRT,2019-01
998,366,HXRO,2021-06
999,366,ICP,2018-08
1000,366,KDA,2018-01
1001,366,LPT,2019-06
1002,366,NEAR,2020-05
1003,366,NMR,2020-06
1004,366,NU,2017-12
1005,366,SHFT,2021-03
1006,366,SOL,2021-06
1007,366,SRM,2020-09
1008,366,ZOMB,2020-11
1009,367,MPAY,2020-07
1010,367,SOL,2021-06
1011,368,CTXC,2021-05
1012,369,AR,2020-03
1013,369,AUCTION,2020-03
1014,369,AUDIO,2020-07
1015,369,BVOL,2021-07
1016,369,CBAT,2018-05
1017,369,CCOMP,2018-05
1018,369,CDAI,2018-05
1019,369,CELO,2018-06
1020,369,CLOUT,2021-03
1021,369,COFI,2020-10
1022,369,COMP,2018-05
1023,369,CREP,2018-05
1024,369,CUNI,2018-05
1025,369,CWBTC,2018-05
1026,369,CZRX,2018-05
1027,369,DDX,2020-07
1028,369,DODO,2020-10
1029,369,DPI,2021-05
1030,369,FTT,2021-07
1031,369,GMEE,2021-07
1032,369,GRT,2020-06
1033,369,HEDGE,2021-07
1034,369,INST,2019-10
1035,369,KRT,2021-01
1036,369,LDO,2021-05
1037,369,LPT,2021-07
1038,369,LUNA,2021-01
1039,369,MATIC,2019-04
1040,369,MINA,2019-04
1041,369,MOB,2021-08
1042,369,MVI,2021-05
1043,369,NAOS,2021-05
1044,369,NEAR,2019-07
1045,369,NFTI,2021-05
1046,369,RLY,2021-01
1047,369,SBTC,2020-12
1048,369,SDT,2021-01
1049,369,SETH,2020-12
1050,369,SNX,2020-12
1051,369,STETH,2021-05
1052,369,UDT,2018-06
1053,369,UMA,2021-01
1054,369,VEGA,2021-03
1055,369,ZRX,2021-02
1056,369,sLINK,2020-12
1057,370,CDT,2017-05
1058,370,IND,2017-05
1059,370,RIF,2016-03
1060,371,AVAX,2021-09
1061,371,DG,2021-06
1062,371,SOL,2021-06
1063,371,XCH,2020-08
1064,372,AXS,2021-05
1065,372,LPT,2019-06
1066,372,RLY,2012-06
1067,372,SC,2020-09
1068,372,SLP,2021-05
1069,373,CXO,2016-07
1070,374,CHEX,2021-02
1071,375,FUSE,2020-07
1072,376,BEAM,2018-04
1073,376,GRT,2020-06
1074,376,KDA,2018-04
1075,376,NAOS,2021-04
1076,376,NXM,2021-02
1077,376,SOV,2020-12
1078,376,TT,2018-04
1079,377,UCT,2018-03
1080,378,BOX,2018-06
1081,378,DILI,2019-07
1082,379,RLY,2018-01
1083,380,HXRO,2021-06
1084,381,CBAT,2018-05
1085,381,CCOMP,2018-05
1086,381,CDAI,2018-05
1087,381,COMP,2018-05
1088,381,CREP,2018-05
1089,381,CUNI,2018-05
1090,381,CWBTC,2018-05
1091,381,CZRX,2018-05
1092,381,GRT,2019-01
1093,381,KDA,2018-04
1094,381,KEEP,2018-04
1095,381,LPT,2019-06
1096,381,NU,2017-12
1097,381,OXT,2017-10
1098,381,STX,2017-01
1099,382,BYN,2019-04
1100,383,RLY,2019-12
1101,384,ICX,2017-07
1102,384,WAN,2017-09
1103,385,RLY,2014-11
1104,386,AXS,2019-11
1105,386,CADC,2019-02
1106,386,SLP,2019-11
1107,386,VPP,2021-04
1108,387,POOL,2020-02
1109,387,RPL,2018-05
1110,387,SKL,2019-10
1111,387,UDT,2018-06
1112,387,XNK,2018-05
1113,388,ALI,2018-03
1114,388,BYN,2021-06
1115,388,ONE,2019-04
1116,388,RAZOR,2020-11
1117,389,BLOC,2018-07
1118,389,BVOL,2019-08
1119,389,CELR,2018-07
1120,389,DX,2018-08
1121,389,FTT,2019-08
1122,389,GMAT,2019-01
1123,389,HEDGE,2019-08
1124,389,QKC,2018-06
1125,389,TROY,2019-07
1126,390,ICX,2018-10
1127,390,SHFT,2018-06
1128,391,ASAP,2021-04
1129,391,BAL,2021-05
1130,391,GLM,2016-11
1131,391,GZIL,2017-11
1132,391,OMG,2017-06
1133,391,RDN,2017-10
1134,391,ZIL,2017-11
1135,392,CTXC,2017-11
1136,393,XRP,2013-11
1137,394,OST,2016-11
1138,395,DPI,2018-12
1139,395,MVI,2018-12
1140,395,NFTI,2018-12
1141,395,XCH,2018-03
1142,396,FIL,2017-09
1143,397,CFG,2019-10
1144,397,WCFG,2019-10
1145,398,NRVE,2014-09
1146,399,LOOM,2018-02
1147,399,NU,2017-10
1148,399,RLY,2020-06
1149,399,SHIFT,2019-12
1150,400,DOV,2017-04
1151,401,GMEE,2017-03
1152,402,KLAY,2018-12
1153,403,ICX,2020-08
1154,404,AVA,2019-03
1155,404,BAX,2018-06
1156,404,CELO,2018-06
1157,404,GEO,2019-05
1158,404,VGX,2016-02
1159,404,WXT,2020-09
1160,405,BOSON,2021-03
1161,405,TBC,2021-04
1162,406,ENJ,2021-06
1163,406,FXS,2021-08
1164,406,PENDLE,2021-05
1165,407,CRU,2019-09
1166,407,CSM,2019-09
1167,408,LBA,2018-04
1168,409,CWAP,2021-05
1169,410,CHEX,2021-02
1170,411,BYN,2021-02
1171,411,DOWS,2021-02
1172,411,HAKA,2021-06
1173,411,LABS,2021-02
1174,411,LKR,2021-04
1175,411,PPAY,2021-03
1176,411,RELI,2021-05
1177,412,SPORTS,2020-09
1178,413,INJ,2020-07
1179,413,VEGA,2021-03
1180,414,CELO,2018-06
1181,415,OGN,2018-04
1182,416,ARIA20,2021-03
1183,416,XCH,2021-05
1184,417,ICX,2017-09
1185,417,KEEP,2018-04
1186,417,OGN,2018-04
1187,417,STX,2017-12
1188,418,XCH,2018-07
1189,419,ICX,2018-10
1190,420,DODO,2020-10
1191,420,DVF,2020-08
1192,420,PENDLE,2021-05
1193,421,DOP,2021-05
1194,421,PHTR,2021-04
1195,421,PUSH,2020-12
1196,422,BTT,2008-09
1197,423,ISP,2021-05
1198,423,LEV,2021-04
1199,423,MAKI,2021-04
1200,423,SHLD,2021-05
1201,424,ASAP,2021-04
1202,425,WILD,2021-05
1203,426,BTT,2008-09
1204,426,SHIFT,2014-11
1205,426,TFUEL,2017-12
1206,426,THETA,2017-12
1207,426,XCH,2018-03
1208,427,HUB,2018-06
1209,427,LINK,2014-09
1210,427,MLN,2017-10
1211,428,LEV,2021-04
1212,429,LBA,2018-04
1213,430,QSP,2019-03
1214,431,HNT,2019-06
1215,431,QSP,2019-03
1216,432,AMPL,2018-03
1217,432,ANKR,2018-06
1218,432,ATP,2018-08
1219,432,AUCTION,2020-03
1220,432,CBAT,2018-05
1221,432,CCOMP,2018-05
1222,432,CDAI,2018-05
1223,432,COMP,2018-05
1224,432,CREP,2018-05
1225,432,CUNI,2018-05
1226,432,CWBTC,2018-05
1227,432,CZRX,2018-05
1228,432,FORTH,2018-03
1229,432,FTM,2018-06
1230,432,HBAR,2018-03
1231,432,IOST,2018-01
1232,432,LQD,2018-03
1233,432,NU,2018-04
1234,432,OGN,2018-04
1235,432,ONG,2018-02
1236,432,ONT,2018-02
1237,432,POND,2019-07
1238,432,TFUEL,2017-12
1239,432,THETA,2017-12
1240,432,UGAS,2018-07
1241,432,WFTM,2018-06
1242,432,XCH,2018-03
1243,433,SLICE,2018-11
1244,434,SHIFT,2013-12
1245,435,CTXC,2018-06
1246,436,VET,2018-05
1247,437,BEST,2021-03
1248,438,AAVE,2020-07
1249,438,GRT,2019-01
1250,438,POOL,2020-02
1251,439,CELO,2021-04
1252,440,STMX,2017-01
1253,441,RLY,2019-12
1254,442,XRP,2016-09
1255,443,CVC,2017-06
1256,444,SNT,2014-03
1257,445,OPT,2020-07
1258,446,SPORTS,2020-09
1259,446,STX,2019-12
1260,447,SHX,2018-07
1261,448,BNB,2017-07
1262,449,MLN,2017-10
1263,450,ISP,2021-05
1264,450,MARSH,2021-03
1265,451,PAY,2016-01
1266,452,TRU,2021-08
1267,453,NEU,2020-12
1268,454,DVF,2021-05
1269,455,DVF,2021-05
1270,456,IFT,2016-01
1271,457,DVF,2021-05
1272,458,LQTY,2021-03
1273,459,FIL,2017-08
1274,460,STMX,2017-10
1275,461,NPXS,2017-10
1276,461,NPXSXEM,2017-10
1277,461,PUNDIX,2017-10
1278,462,ASP,2018-03
1279,462,GASP,2018-03
1280,463,SHX,2018-07
1281,464,GMEE,2018-12
1282,465,DFX,2021-02
1283,465,ENJ,2021-06
1284,465,INST,2021-06
1285,465,NAOS,2021-04
1286,465,PENDLE,2021-05
1287,465,SLRS,2021-07
1288,465,VEGA,2021-03
1289,465,ZRX,2021-02
1290,466,PUSH,2020-12
1291,467,MAPS,2021-01
1292,468,GLM,2017-04
1293,469,PAX,2020-12
1294,469,PAXG,2020-12
1295,470,DUSK,2015-07
1296,470,PROPEL,2016-01
1297,470,XKI,2015-04
1298,471,UTU,2018-12
1299,472,BAL,2021-02
1300,472,DODO,2020-10
1301,472,DPI,2021-05
1302,472,DVF,2021-05
1303,472,INDEX,2021-07
1304,472,INSUR,2020-10
1305,472,MVI,2021-05
1306,472,NFTI,2021-05
1307,473,4STC,2019-05
1308,474,AERGO,2018-11
1309,474,CKB,2018-07
1310,474,KEEP,2018-04
1311,474,LBA,2018-04
1312,475,ETHA,2021-03
1313,476,DVF,2021-05
1314,476,SLRS,2021-07
1315,476,YGG,2021-03
1316,477,BOSON,2021-03
1317,477,DWZ,2021-02
1318,477,PUSH,2020-12
1319,477,QARK,2021-05
1320,478,INXT,2020-03
1321,479,VALOR,2017-11
1322,480,PAY,2017-03
1323,481,CHSB,2017-01
1324,482,NPXS,2017-10
1325,482,NPXSXEM,2017-10
1326,482,PUNDIX,2017-10
1327,483,ETHIX,2020-05
1328,484,TBC,2021-04
1329,485,KDA,2018-04
1330,486,NXM,2021-02
1331,486,SI,2020-12
1332,487,KIRO,2021-05
1333,488,AKT,2020-03
1334,488,ALGO,2018-08
1335,488,AVAX,2020-06
1336,488,GRT,2020-06
1337,488,KAVA,2019-02
1338,488,ONE,2019-05
1339,488,TT,2018-03
1340,489,TLM,2021-03
1341,490,API3,2020-11
1342,490,CLOUT,2021-03
1343,490,CVC,2016-01
1344,490,FIL,2014-07
1345,490,FLEX,2019-03
1346,490,FOX,2015-03
1347,490,GRT,2020-01
1348,490,HBAR,2018-03
1349,490,LDO,2021-05
1350,490,LPT,2017-05
1351,490,MANA,2020-01
1352,490,MASK,2021-02
1353,490,PAX,2013-11
1354,490,PAXG,2013-11
1355,490,RIF,2016-03
1356,490,STETH,2021-05
1357,490,STX,2014-07
1358,490,XRP,2013-04
1359,490,ZEC,2016-01
1360,490,ZOMB,2020-11
1361,491,ENJ,2021-06
1362,491,ETHA,2021-03
1363,491,KEX,2020-12
1364,491,MEM,2021-05
1365,491,POP,2017-01
1366,491,REEF,2020-10
1367,491,RIF,2017-03
1368,491,STOS,2021-05
1369,491,VPP,2021-04
1370,492,HNT,2013-11
1371,493,YLD,2020-12
1372,494,CGT,2020-04
1373,495,ZIG,2021-04
1374,496,CKB,2018-07
1375,496,CLOUT,2021-09
1376,496,DODO,2020-10
1377,496,DOT,2017-10
1378,496,FOAM,2018-08
1379,496,KDA,2018-04
1380,496,LPT,2017-05
1381,496,QTUM,2017-03
1382,496,SOL,2019-07
1383,496,WAXP,2017-11
1384,497,ATA,2021-03
1385,497,CONV,2021-02
1386,497,DFX,2021-02
1387,497,IF,2021-06
1388,498,HNT,2013-11
1389,499,VEGA,2021-03
1390,500,WAVES,2018-12
1391,501,4STC,2019-05
1392,502,STX,2014-07
1393,503,SPIKE,2016-09
1394,504,IOV,2018-03
1395,505,1INCH,2020-08
1396,505,ARCX,2021-06
1397,505,AVAX,2020-06
1398,505,CKB,2019-12
1399,505,COFI,2020-10
1400,505,DDX,2020-07
1401,505,FLEX,2019-08
1402,505,MKR,2019-12
1403,505,NEAR,2021-01
1404,505,NMR,2020-06
1405,505,POOL,2021-05
1406,505,SC,2020-09
1407,506,JUR,2021-04
1408,506,MPH,2019-01
1409,506,SENSE,2016-08
1410,507,BTO,2018-01
1411,507,GDT,2021-04
1412,507,IOTX,2018-02
1413,507,OPEN,2018-03
1414,507,PLA,2018-11
1415,507,UGAS,2018-05
1416,508,DMG,2020-03
1417,509,ECOIN,2021-05
1418,510,ALI,2018-03
1419,510,ATN,2018-02
1420,511,MOB,2021-08
1421,512,VGX,2021-05
1422,513,SENSE,2015-01
1423,514,DAPPT,2019-09
1424,515,BOSON,2021-03
1425,515,BYN,2021-06
1426,515,CONV,2021-02
1427,515,TOTM,2021-03
1428,516,KRT,2018-08
1429,516,LUNA,2018-08
1430,516,SDT,2018-08
1431,517,BAND,2019-02
1432,518,CDT,2019-01
1433,519,DATA,2017-01
1434,520,IQ,2018-02
1435,520,PUML,2019-12
1436,521,HNS,2018-10
1437,522,INXT,2020-03
1438,523,CAPP,2015-12
1439,524,TSX,2020-08
1440,525,FOX,2017-03
1441,526,ALGO,2018-10
1442,526,BEAM,2019-01
1443,526,GZIL,2018-01
1444,526,ICX,2017-09
1445,526,LRC,2017-08
1446,526,ONG,2018-01
1447,526,ONT,2018-01
1448,526,PAY,2017-06
1449,526,QKC,2018-06
1450,526,QTUM,2017-03
1451,526,REQ,2017-10
1452,526,RLC,2017-04
1453,526,TOMO,2018-03
1454,526,VEGA,2019-10
1455,526,WAN,2017-10
1456,526,ZEC,2016-10
1457,526,ZIL,2018-01
1458,527,SRM,2020-07
1459,528,SI,2020-12
1460,529,CELO,2018-06
1461,530,CELO,2021-02
1462,530,DDX,2020-07
1463,530,EGLD,2019-07
1464,530,FLEX,2021-02
1465,530,GTC,2021-04
1466,530,NEAR,2019-07
1467,530,POND,2019-07
1468,530,RAD,2021-02
1469,530,TT,2019-02
1470,531,$COIN,2014-05
1471,532,RAISE,2012-10
1472,533,RLY,2018-09
1473,534,AGIX,2018-01
1474,534,QRL,2017-01
1475,535,MLN,2017-10
1476,536,GMEE,2021-05
1477,537,BLOC,2018-06
1478,537,CELR,2018-07
1479,537,CRE,2018-05
1480,537,FTM,2018-06
1481,537,HBAR,2018-08
1482,537,HUB,2018-06
1483,537,WFTM,2018-06
1484,538,ICX,2018-10
1485,539,HNS,2014-03
1486,539,ZINC,2016-06
1487,540,HNS,2020-10
1488,541,HUM,2018-09
1489,542,API3,2019-11
1490,542,OCC,2021-06
1491,543,EMB,2018-04
1492,543,RIF,2017-05
1493,544,CTXC,2020-06
1494,545,BUX,2021-04
1495,546,ICX,2018-10
1496,547,SPS,2021-07
1497,548,ICX,2021-08
1498,549,SPC,2020-12
1499,550,RLY,2012-06
1500,551,API3,2020-11
1501,552,NRVE,2017-01
1502,553,RLY,2012-06
1503,554,NMR,2016-04
1504,555,MTL,2019-08
1505,556,DPI,2018-12
1506,556,MVI,2018-12
1507,556,NFTI,2018-12
1508,557,FOX,2017-03
1509,558,FOX,2017-03
1510,559,ALGO,2018-10
1511,559,HBAR,2018-08
1512,559,ICP,2018-08
1513,559,OGN,2018-04
1514,560,SPC,2020-12
1515,561,SPC,2019-09
1516,562,BAND,2019-09
1517,562,CKB,2019-10
1518,562,LINA,2020-09
1519,562,MASK,2020-10
1520,562,SRM,2020-07
1521,562,STPT,2019-06
1522,562,UAT,2019-08
1523,563,PUSH,2020-12
1524,564,VGX,2018-06
1525,565,CWAP,2021-05
1526,565,DWZ,2021-02
1527,565,MARSH,2021-03
1528,566,SHIFT,2016-08
1529,567,TRIO,2018-02
1530,568,AERGO,2018-11
1531,568,AMPL,2018-03
1532,568,BOSON,2021-03
1533,568,BVOL,2019-08
1534,568,CKB,2018-07
1535,568,CTSI,2019-04
1536,568,DAPPT,2019-07
1537,568,DFX,2021-02
1538,568,FORTH,2018-03
1539,568,FTT,2019-08
1540,568,GZIL,2017-11
1541,568,HEDGE,2019-08
1542,568,HGET,2020-08
1543,568,IOST,2018-01
1544,568,KRT,2018-08
1545,568,LBA,2017-12
1546,568,LTX,2020-09
1547,568,LUNA,2018-08
1548,568,MKR,2017-12
1549,568,MPL,2020-12
1550,568,NU,2017-12
1551,568,OGN,2018-04
1552,568,OIN,2020-08
1553,568,REN,2018-02
1554,568,RENFIL,2018-02
1555,568,SDT,2018-08
1556,568,TT,2019-02
1557,568,UGAS,2018-07
1558,568,ZIL,2017-11
1559,568,wSIENNA,2021-05
1560,569,PAY,2017-03
1561,570,SHFT,2020-01
1562,571,AR,2020-07
1563,571,LINK,2017-04
1564,572,CKB,2018-07
1565,572,MASK,2018-01
1566,572,TRIO,2018-02
1567,573,1INCH,2020-08
1568,573,OIN,2020-08
1569,573,QASH,2021-08
1570,574,1INCH,2020-12
1571,574,CFG,2019-10
1572,574,DATA,2017-10
1573,574,DOT,2017-10
1574,574,GRT,2020-06
1575,574,KEEP,2018-04
1576,574,MANA,2017-08
1577,574,NEAR,2020-05
1578,574,OCEAN,2018-03
1579,574,OXT,2017-10
1580,574,RDN,2017-10
1581,574,SNT,2017-06
1582,574,STX,2017-12
1583,574,WCFG,2019-10
1584,574,YGG,2021-06
1585,574,ZRX,2017-08
1586,575,TSX,2021-04
1587,576,QARK,2021-05
1588,577,BVOL,2015-06
1589,577,FTT,2015-06
1590,577,HEDGE,2015-06
1591,578,AUCTION,2019-06
1592,579,AUCTION,2020-01
1593,580,PAX,2021-03
1594,580,PAXG,2021-03
1595,581,CXO,2020-04
1596,581,RLY,2012-06
1597,582,DVF,2021-05
1598,583,NRVE,2012-07
1599,584,AI,2021-07
1600,584,ATP,2018-08
1601,584,BAL,2021-05
1602,584,BMX,2019-08
1603,584,CFG,2021-02
1604,584,DGX,2017-11
1605,584,DVF,2021-05
1606,584,ENJ,2021-06
1607,584,EVT,2018-08
1608,584,HUB,2018-06
1609,584,KNC,2017-09
1610,584,KNCL,2017-09
1611,584,MKR,2017-12
1612,584,NKN,2018-03
1613,584,NU,2018-04
1614,584,OCE,2019-07
1615,584,PAY,2017-03
1616,584,PLA,2018-11
1617,584,POND,2019-07
1618,584,STOS,2021-05
1619,584,STX,2019-07
1620,584,WCFG,2021-02
1621,584,ZEC,2016-01
1622,585,2KEY,2018-04
1623,586,SHIFT,2014-05
1624,587,SHIFT,2020-10
1625,588,ICX,2021-08
1626,589,CEN,2019-01
1627,590,ICNQ,2017-11
1628,591,BAL,2021-05
1629,591,CFG,2019-10
1630,591,WCFG,2019-10
1631,592,BUX,2014-10
1632,593,DATA,2015-01
1633,593,OXT,2017-10
1634,593,SNT,2018-01
1635,594,NMR,2016-12
1636,595,SC,2020-09
1637,596,HNT,2013-11
1638,597,HBAR,2018-03
1639,598,PENDLE,2021-05
1640,599,YGG,2021-03
1641,600,PLA,2012-08
1642,600,RLY,2010-12
1643,600,SKL,2018-10
1644,600,STX,2019-12
1645,601,NRVE,2019-05
1646,602,ENG,2016-09
1647,602,NEX,2020-01
1648,603,HOPR,2020-07
1649,603,STAKE,2019-08
1650,603,VEGA,2019-10
1651,604,ROYA,2021-01
1652,605,VGX,2021-05
1653,606,GMEE,2013-05
1654,607,ASP,2014-07
1655,607,GASP,2014-07
1656,607,SPORTS,2018-01
1657,608,XST,2020-05
1658,609,ALGO,2018-07
1659,609,OGN,2018-04
1660,609,SOL,2019-07
1661,609,STX,2017-12
1662,610,AMPL,2018-03
1663,610,CVC,2016-01
1664,610,FORTH,2018-03
1665,611,IOTX,2018-10
1666,611,NKN,2018-08
1667,612,NRVE,2020-07
1668,613,BOND,2020-09
1669,613,PUSH,2020-12
1670,614,AAVE,2020-07
1671,614,DODO,2020-10
1672,614,FST,2020-03
1673,614,GRT,2020-06
1674,614,ILV,2021-03
1675,614,MPL,2020-12
1676,614,PTF,2020-09
1677,614,SBTC,2019-10
1678,614,SETH,2019-10
1679,614,SNX,2019-10
1680,614,sLINK,2019-10
1681,615,NMR,2016-12
1682,615,ZEC,2016-01
1683,616,TSX,2021-04
1684,617,NEU,2017-01
1685,618,STX,2017-12
1686,619,SHIFT,2019-03
1687,620,DMT,2020-05
1688,621,BNB,2017-09
1689,622,ACT,2017-07
1690,622,AE,2017-06
1691,622,AGIX,2017-12
1692,622,AUCTION,2020-03
1693,622,AVAX,2020-07
1694,622,BAT,2018-03
1695,622,BNB,2017-07
1696,622,CKB,2019-07
1697,622,DOT,2017-10
1698,622,ELF,2017-12
1699,622,KNC,2017-09
1700,622,KNCL,2017-09
1701,622,LINK,2017-09
1702,622,LRC,2017-08
1703,622,MANA,2017-08
1704,622,MASK,2021-02
1705,622,NEAR,2020-09
1706,622,PNT,2018-06
1707,622,POE,2017-08
1708,622,POWR,2017-09
1709,622,PST,2017-11
1710,622,SNT,2017-06
1711,622,STOS,2021-05
1712,622,STX,2019-07
1713,622,TFUEL,2017-11
1714,622,THETA,2017-11
1715,623,FOX,2016-03
1716,623,UBQ,2014-11
1717,624,NU,2016-08
1718,625,MINDS,2021-06
1719,626,HNT,2017-04
1720,627,MOB,2021-03
1721,628,CELO,2018-06
1722,628,CVC,2016-01
1723,628,GRT,2020-10
1724,629,NRVE,2020-08
1725,630,GNO,2017-04
1726,630,LRC,2018-02
1727,631,SHIFT,2017-07
1728,632,AERGO,2018-11
1729,632,ARPA,2018-08
1730,632,BYN,2021-06
1731,632,LBA,2018-04
1732,632,NAOS,2021-04
1733,632,OIN,2020-08
1734,633,ALN,2021-05
1735,633,ASTRO,2021-03
1736,633,ATA,2021-03
1737,633,CONV,2021-02
1738,633,DON,2021-04
1739,633,FORM,2021-05
1740,633,IF,2021-06
1741,633,IMPACT,2021-05
1742,633,L3P,2021-01
1743,633,LINA,2020-09
1744,633,MAPS,2021-01
1745,633,MARSH,2021-03
1746,633,NAOS,2021-04
1747,633,PENDLE,2021-05
1748,633,RAGE,2021-03
1749,633,REEF,2020-09
1750,633,SRM,2020-08
1751,633,WILD,2021-05
1752,633,YAE,2021-03
1753,634,ISP,2021-05
1754,634,SHLD,2021-05
1755,635,FET,2021-03
1756,635,ZIG,2021-04
1757,636,ZINC,2017-04
1758,637,TFUEL,2021-03
1759,637,THETA,2021-03
1760,638,HNS,2020-10
1761,638,KEEP,2015-09
1762,639,DPI,2018-12
1763,639,MVI,2018-12
1764,639,NFTI,2018-12
1765,640,CTXC,2018-04
1766,641,VEGA,2021-03
1767,642,SHFT,2021-03
1768,643,HNS,2016-02
1769,644,HNS,2016-02
1770,645,HNT,2016-04
1771,645,RLY,2012-06
1772,645,SNT,2014-03
1773,645,VGX,2018-10
1774,645,XRP,2013-05
1775,646,STORJ,2015-10
1776,647,MEM,2021-05
1777,648,STORJ,2017-02
1778,649,YGG,2021-08
1779,650,MOB,2021-08
1780,650,SPORTS,2021-03
1781,651,BOSON,2021-03
1782,651,BYN,2021-06
1783,651,MoFi,2021-04
1784,652,1INCH,2020-08
1785,652,AVAX,2020-06
1786,652,CFG,2021-02
1787,652,DODO,2020-10
1788,652,INDEX,2021-07
1789,652,IQ,2018-02
1790,652,KRT,2021-01
1791,652,LUNA,2021-01
1792,652,MVI,2021-07
1793,652,POOL,2021-05
1794,652,RAD,2021-02
1795,652,SDT,2021-01
1796,652,SENSE,2017-12
1797,652,SKL,2018-10
1798,652,WCFG,2021-02
1799,653,CSP,2018-09
1800,653,NU,2017-12
1801,654,BVOL,2019-08
1802,654,FTT,2019-08
1803,654,HEDGE,2019-08
1804,655,NRVE,2017-03
1805,656,PUSH,2020-12
1806,657,DMD,2017-03
1807,658,OGN,2018-04
1808,659,ISP,2021-05
1809,659,MoFi,2021-04
1810,659,SPS,2021-07
1811,660,MTL,2016-04
1812,661,ALI,2018-03
1813,662,CWAP,2021-05
1814,662,DOP,2021-05
1815,662,DVF,2021-05
1816,662,FORM,2021-05
1817,662,ISP,2021-05
1818,662,NAOS,2021-04
1819,663,STBU,2019-01
1820,664,AUDIO,2018-08
1821,664,CELO,2018-06
1822,664,KRT,2021-06
1823,664,LUNA,2021-06
1824,664,MINA,2019-04
1825,664,MOB,2021-03
1826,664,SDT,2021-06
1827,664,UDT,2018-06
1828,664,VGX,2021-05
1829,665,OXY,2021-02
1830,666,RLY,2018-01
1831,667,EC,2019-06
1832,667,MIX,2019-01
1833,668,BAT,2017-05
1834,668,CVC,2017-06
1835,668,FIL,2017-08
1836,668,MANA,2017-08
1837,668,MET,2018-06
1838,668,ZRX,2017-06
1839,669,IFT,2016-01
1840,670,RAISE,2011-11
1841,671,AKT,2020-03
1842,671,AST,2017-10
1843,671,BETH,2014-07
1844,671,BOS,2017-09
1845,671,DATA,2017-10
1846,671,DNT,2017-08
1847,671,DOT,2017-10
1848,671,DVPN,2021-03
1849,671,ETH,2014-07
1850,671,IXT,2018-05
1851,671,KDA,2018-01
1852,671,LA,2017-10
1853,671,LINK,2017-09
1854,671,MAID,2014-04
1855,671,MANA,2017-08
1856,671,MOBI,2017-11
1857,671,NCT,2018-03
1858,671,NIM,2018-02
1859,671,OCEAN,2018-03
1860,671,OGN,2018-04
1861,671,PING,2017-07
1862,671,POLY,2018-01
1863,671,POWR,2017-09
1864,671,PPT,2017-08
1865,671,QSP,2019-03
1866,671,REP,2015-10
1867,671,RFR,2017-12
1868,671,RIF,2017-05
1869,671,SBTC,2017-09
1870,671,SETH,2017-09
1871,671,SNM,2017-06
1872,671,SNT,2017-06
1873,671,SNX,2017-09
1874,671,STORJ,2016-05
1875,671,STX,2017-12
1876,671,SWM,2014-03
1877,671,VIB,2017-02
1878,671,ZCN,2017-07
1879,671,ZRX,2017-06
1880,671,erowan,2020-08
1881,671,sLINK,2017-09
1882,672,LQTY,2021-03
1883,672,PERP,2020-08
1884,673,RAD,2021-02
1885,674,OGN,2018-04
1886,675,VGX,2021-05
1887,676,NRVE,2019-02
1888,677,AVT,2016-11
1889,678,BLZ,2017-08
1890,678,DGX,2017-11
1891,678,RLY,2020-09
1892,679,RAISE,2020-01
1893,680,GMEE,2021-07
1894,681,CTXC,2021-05
1895,682,CXO,2016-07
1896,682,KEEP,2018-07
1897,682,VGX,2019-08
1898,683,SHIFT,2015-09
1899,684,RLY,2019-12
1900,685,GMEE,2017-05
1901,685,YOP,2016-11
1902,686,RLY,2020-12
1903,687,AMM,2017-03
1904,688,SHIFT,2014-05
1905,688,STX,2019-12
1906,689,KEEP,2018-04
1907,690,HUM,2019-07
1908,691,AR,2018-06
1909,691,CELO,2019-04
1910,691,LQTY,2021-03
1911,691,NEAR,2019-07
1912,691,SOV,2020-12
1913,691,VEGA,2019-10
1914,692,UCM,2019-01
1915,693,OST,2016-11
1916,693,SENSE,2015-01
1917,694,RLY,2010-12
1918,694,XCH,2018-03
1919,695,AUDIO,2021-09
1920,696,CVC,2016-01
1921,697,MDT,2017-08
1922,698,SHLD,2021-04
1923,698,TLM,2021-02
1924,699,KRT,2018-08
1925,699,LUNA,2018-08
1926,699,SDT,2018-08
1927,700,BUX,2016-02
1928,701,RLY,2012-06
1929,702,MLN,2017-10
1930,702,SC,2020-09
1931,702,SHX,2018-07
1932,702,SKL,2018-10
1933,703,CLOUT,2021-09
1934,704,FIL,2014-07
1935,704,HBAR,2018-05
1936,704,OXT,2017-10
1937,704,VET,2018-04
1938,705,LBC,2018-01
1939,706,MPAY,2019-05
1940,707,HNS,2015-03
1941,708,LKK,2020-04
1942,709,$COIN,2013-08
1943,709,FIL,2014-08
1944,709,FOX,2016-03
1945,709,KAVA,2019-02
1946,709,SHIFT,2014-05
1947,710,SHIFT,2019-06
1948,711,ALGO,2019-06
1949,712,PENDLE,2021-05
1950,713,NAOS,2021-04
1951,714,CFG,2021-02
1952,714,WCFG,2021-02
1953,715,INSUR,2021-02
1954,716,API3,2020-11
1955,716,AUCTION,2020-03
1956,716,AXS,2019-11
1957,716,CONV,2021-02
1958,716,DAPPT,2019-09
1959,716,DPI,2021-05
1960,716,ELF,2017-11
1961,716,ENJ,2021-06
1962,716,GMEE,2019-05
1963,716,HNS,2018-06
1964,716,ICX,2017-09
1965,716,IF,2021-06
1966,716,INJ,2020-09
1967,716,INSUR,2020-10
1968,716,KNC,2017-09
1969,716,KNCL,2017-09
1970,716,KRT,2018-08
1971,716,LINA,2020-09
1972,716,LUNA,2018-08
1973,716,MED,2017-11
1974,716,MVI,2021-05
1975,716,NFTI,2021-05
1976,716,NPXS,2017-11
1977,716,NPXSXEM,2017-11
1978,716,NU,2017-12
1979,716,OMG,2017-06
1980,716,ONG,2018-02
1981,716,ONT,2018-02
1982,716,PUNDIX,2017-11
1983,716,QKC,2018-04
1984,716,QTUM,2017-03
1985,716,RMT,2018-01
1986,716,SDT,2018-08
1987,716,SKL,2019-10
1988,716,SLP,2019-11
1989,716,STMX,2017-10
1990,716,TT,2018-03
1991,716,TVK,2020-11
1992,716,VEGA,2019-10
1993,716,WAXP,2017-10
1994,717,AVAX,2020-06
1995,717,CKB,2019-07
1996,717,DOT,2019-06
1997,717,ENJ,2021-06
1998,717,GMEE,2021-05
1999,717,IOTX,2019-07
2000,717,KAVA,2019-07
2001,717,KRT,2019-08
2002,717,LUNA,2019-08
2003,717,MASK,2019-12
2004,717,MIX,2019-01
2005,717,NAOS,2021-04
2006,717,ONE,2019-05
2007,717,OPIUM,2020-09
2008,717,PENDLE,2021-05
2009,717,SDT,2019-08
2010,717,SKL,2019-07
2011,717,STKR,2020-09
2012,717,STX,2019-07
2013,718,$KING,2020-10
2014,719,DPI,2018-12
2015,719,FIL,2014-07
2016,719,MVI,2018-12
2017,719,NFTI,2018-12
2018,720,CTXC,2015-04
2019,721,ZINC,2017-04
2020,722,GMEE,2019-05
2021,723,BAT,2017-05
2022,723,CVC,2017-06
2023,723,FIL,2017-08
2024,724,CVC,2017-06
2025,724,OMG,2017-06
2026,724,UTK,2017-11
2027,725,VGX,2016-09
2028,726,TFUEL,2017-12
2029,726,THETA,2017-12
2030,727,DFX,2021-02
2031,727,ZRX,2017-07
2032,728,AVAX,2020-07
2033,728,CFG,2021-05
2034,728,CLOUT,2021-09
2035,728,DOT,2020-07
2036,728,MATIC,2020-07
2037,728,MINA,2021-04
2038,728,VEGA,2021-06
2039,728,WCFG,2021-05
2040,729,ICNQ,2019-01
2041,730,SHIFT,2014-11
2042,731,KEEP,2021-01
2043,732,TLM,2021-03
2044,733,XRP,2013-11
2045,734,EVX,2017-07
2046,735,NEAR,2019-07
2047,735,STX,2019-12
2048,736,BVOL,2015-03
2049,736,FTT,2015-03
2050,736,HEDGE,2015-03
2051,737,UGAS,2018-05
2052,738,AUDIO,2021-09
2053,739,NMR,2016-04
2054,740,BVOL,2021-07
2055,740,FTT,2021-07
2056,740,HEDGE,2021-07
2057,741,ASP,2018-03
2058,741,GASP,2018-03
2059,742,BXC,2018-09
2060,743,AI,2021-07
2061,743,NAOS,2021-04
2062,743,TPT,2018-08
2063,744,BYN,2021-06
2064,744,CKB,2018-07
2065,744,DF,2020-04
2066,744,GMEE,2021-05
2067,744,INSUR,2020-10
2068,744,IOST,2018-01
2069,744,KRT,2018-08
2070,744,LUNA,2018-08
2071,744,MXC,2018-05
2072,744,REN,2018-02
2073,744,RENFIL,2018-02
2074,744,SDT,2018-08
2075,744,TT,2019-02
2076,745,DREP,2019-03
2077,746,XST,2020-11
2078,747,AT,2017-05
2079,748,FTM,2018-06
2080,748,REN,2018-02
2081,748,RENFIL,2018-02
2082,748,WFTM,2018-06
2083,749,VSP,2016-12
2084,750,ENJ,2021-06
2085,750,TIDAL,2020-12
2086,751,CWAP,2021-05
2087,752,HBAR,2018-02
2088,753,1INCH,2019-02
2089,753,ALGO,2019-05
2090,753,BAND,2019-02
2091,753,BAT,2018-03
2092,753,CTSI,2020-10
2093,753,ENJ,2021-06
2094,753,HNS,2020-03
2095,753,KNC,2020-01
2096,753,KNCL,2020-01
2097,753,KRT,2019-02
2098,753,LUNA,2019-02
2099,753,LUXO,2018-12
2100,753,MKR,2019-02
2101,753,SDT,2019-02
2102,753,TRB,2020-04
2103,753,VPP,2021-04
2104,754,BNT,2017-06
2105,754,BOX,2018-06
2106,754,DX,2018-08
2107,754,PAI,2017-12
2108,754,QASH,2017-11
2109,754,TFUEL,2017-11
2110,754,THETA,2017-11
2111,754,VBNT,2017-06
2112,755,LBA,2018-02
2113,756,GTC,2021-04
2114,757,FST,2019-11
2115,757,INST,2019-10
2116,757,POOL,2020-02
2117,757,XCH,2020-08
2118,757,YGG,2021-06
2119,758,GMEE,2011-11
2120,758,KAN,2018-04
2121,758,KCS,2018-11
2122,758,KLAY,2018-12
2123,758,PLA,2018-11
2124,758,QASH,2019-04
2125,758,XRP,2013-05
2126,759,CELR,2018-07
2127,759,IOST,2018-01
2128,759,KDA,2018-04
2129,759,MOB,2018-04
2130,759,SC,2020-09
2131,759,TRIO,2018-02
2132,760,1INCH,2020-06
2133,760,ATA,2021-03
2134,760,ATOM,2017-04
2135,760,AVAX,2020-01
2136,760,CELR,2021-03
2137,760,CFG,2021-02
2138,760,CKB,2019-03
2139,760,CRPT,2017-12
2140,760,CRU,2020-08
2141,760,CSM,2020-08
2142,760,CTXC,2018-02
2143,760,DAOFI,2020-01
2144,760,DHT,2020-05
2145,760,DODO,2020-08
2146,760,DOT,2017-10
2147,760,FIL,2017-08
2148,760,GIV,2020-09
2149,760,GZIL,2017-11
2150,760,ICP,2018-08
2151,760,IF,2021-06
2152,760,ILV,2021-03
2153,760,INSUR,2021-02
2154,760,IOTX,2018-02
2155,760,KAVA,2019-02
2156,760,KNC,2017-09
2157,760,KNCL,2017-09
2158,760,LEO,2019-05
2159,760,LOOM,2018-01
2160,760,LQTY,2021-03
2161,760,LSK,2016-03
2162,760,MASK,2020-11
2163,760,MKR,2017-12
2164,760,MXC,2018-05
2165,760,NEAR,2019-07
2166,760,NIM,2018-02
2167,760,OCEAN,2018-03
2168,760,ONG,2018-02
2169,760,ONT,2018-02
2170,760,PHA,2020-09
2171,760,POND,2019-07
2172,760,QASH,2017-11
2173,760,RAZOR,2020-11
2174,760,RDN,2017-10
2175,760,SBTC,2020-12
2176,760,SETH,2020-12
2177,760,SNX,2020-12
2178,760,STX,2017-01
2179,760,TANGO,2021-02
2180,760,TFUEL,2017-11
2181,760,THETA,2017-11
2182,760,UMA,2020-06
2183,760,VET,2018-04
2184,760,WCFG,2021-02
2185,760,XPRT,2020-09
2186,760,ZIL,2017-11
2187,760,ZRX,2021-02
2188,760,sLINK,2020-12
2189,761,RAMP,2020-08
2190,762,NRVE,2020-07
2191,763,OPT,2020-07
2192,764,KRT,2021-06
2193,764,LUNA,2021-06
2194,764,SDT,2021-06
2195,765,1INCH,2020-08
2196,766,HNS,2020-10
2197,767,LKK,2015-01
2198,768,SHIFT,2018-09
2199,769,CNS,2012-06
2200,770,MAKI,2021-04
2201,770,wSIENNA,2021-05
2202,771,IF,2021-06
2203,771,INSUR,2021-02
2204,771,NAOS,2021-04
2205,772,GMEE,2017-03
2206,773,NCASH,2015-01
2207,774,AKT,2020-03
2208,774,FST,2019-11
2209,774,KEEP,2018-04
2210,774,KRT,2020-07
2211,774,LUNA,2020-07
2212,774,OCEAN,2018-03
2213,774,REN,2018-02
2214,774,RENFIL,2018-02
2215,774,SBTC,2018-03
2216,774,SDT,2020-07
2217,774,SETH,2018-03
2218,774,SNX,2018-03
2219,774,TFUEL,2017-11
2220,774,THETA,2017-11
2221,774,ZRX,2017-06
2222,774,sLINK,2018-03
2223,775,YGG,2021-08
2224,776,CFG,2019-10
2225,776,WCFG,2019-10
2226,777,BUX,2015-09
2227,777,GMEE,2017-03
2228,778,AVAX,2019-02
2229,779,AAPX,2019-10
2230,780,ALI,2018-03
2231,781,AUCTION,2018-09
2232,782,NRVE,2017-04
2233,783,SPC,2020-12
2234,784,INJ,2020-07
2235,785,EDR,2017-03
2236,786,SHFT,2020-01
2237,787,BVOL,2021-07
2238,787,FTT,2021-07
2239,787,HEDGE,2021-07
2240,788,ASP,2018-03
2241,788,GASP,2018-03
2242,789,QARK,2021-05
2243,790,HPY,2015-02
2244,791,GMEE,2011-11
2245,792,YLDY,2021-04
2246,793,APPC,2014-06
2247,793,BZZ,2014-02
2248,794,ICX,2020-08
2249,795,ARIA20,2021-03
2250,796,USF,2021-03
2251,797,STORJ,2016-10
2252,798,ASP,2018-03
2253,798,GASP,2018-03
2254,799,BEAM,2021-05
2255,800,SPIKE,2018-06
2256,801,QASH,2014-12
2257,802,ANKR,2018-06
2258,803,AERGO,2018-11
2259,803,ANKR,2018-06
2260,803,BU,2019-02
2261,803,ELF,2017-11
2262,803,META,2018-02
2263,803,MOB,2018-04
2264,803,ONG,2018-02
2265,803,ONT,2018-02
2266,803,TCH,2019-03
2267,803,TT,2018-04
2268,804,AERGO,2018-11
2269,804,BKBT,2018-06
2270,804,FTM,2018-06
2271,804,WFTM,2018-06
2272,805,DVPN,2020-09
2273,806,CELO,2018-06
2274,807,SI,2021-03
2275,808,SHIFT,2017-10
2276,809,SHX,2018-07
2277,810,BERRY,2017-10
2278,811,MOB,2021-08
2279,812,KRT,2021-06
2280,812,LUNA,2021-06
2281,812,SDT,2021-06
2282,813,PAX,2015-05
2283,813,PAXG,2015-05
2284,814,IFT,2016-01
2285,815,SPIKE,2016-09
2286,816,GMEE,2015-07
2287,817,SPORTS,2020-09
2288,818,AUDIO,2021-09
2289,819,FIL,2017-08
2290,819,QTUM,2017-01
2291,820,OST,2016-11
2292,821,MAKI,2021-04
2293,822,PAX,2018-05
2294,822,PAXG,2018-05
2295,823,PAX,2013-11
2296,823,PAXG,2013-11
2297,824,CLOUT,2021-03
2298,825,MOB,2021-08
2299,826,RLY,2018-09
2300,827,HNT,2013-11
2301,828,POND,2019-07
2302,829,KEEP,2020-05
2303,830,NRVE,2017-01
2304,831,CTXC,2015-03
2305,832,QTUM,2017-01
2306,833,XRP,2012-10
2307,834,MOB,2021-08
2308,835,VPP,2021-04
2309,836,HPB,2018-06
2310,837,AUCTION,2018-12
2311,838,ID,2013-04
2312,839,DVF,2021-05
2313,840,RLY,2019-12
2314,841,AUDIO,2021-09
2315,842,4STC,2019-04
2316,843,PAY,2017-03
2317,844,ARIA20,2021-03
2318,845,ARIA20,2021-03
2319,846,INST,2019-10
2320,847,SPORTS,2019-10
2321,848,DVF,2021-05
2322,848,IF,2021-06
2323,849,DVF,2021-05
2324,850,STMX,2021-04
2325,851,CTXC,2015-03
2326,852,HUB,2018-06
2327,853,MASK,2020-11
2328,854,RLY,2012-06
2329,855,CNS,2012-06
2330,856,L3P,2021-01
2331,857,BVOL,2015-03
2332,857,FTT,2015-03
2333,857,HEDGE,2015-03
2334,858,CELO,2018-06
2335,859,SPIKE,2018-08
2336,860,ADA,2015-10
2337,860,BETH,2017-05
2338,860,DRGN,2017-10
2339,860,ETH,2017-05
2340,860,GLM,2017-04
2341,860,KNC,2017-09
2342,860,KNCL,2017-09
2343,860,OCEAN,2018-03
2344,860,SUB,2017-08
2345,861,MOB,2021-08
2346,862,BEST,2021-05
2347,862,SLRS,2021-07
2348,862,ZRX,2021-02
2349,863,CHZ,2021-04
2350,863,LDO,2021-05
2351,863,SOL,2021-06
2352,863,SRM,2020-09
2353,863,STETH,2021-05
2354,864,DIA,2020-08
2355,865,BIKI,2019-03
2356,866,ELEC,2018-03
2357,866,QSP,2019-03
2358,867,FIL,2017-08
2359,867,FLOW,2020-10
2360,867,STX,2017-12
2361,868,OXT,2017-10
2362,869,ASP,2014-07
2363,869,GASP,2014-07
2364,870,ALI,2018-03
2365,871,INJ,2020-07
2366,872,$COIN,2014-05
2367,873,$COIN,2014-05
2368,874,HUM,2019-10
2369,875,OGN,2018-04
2370,876,FORM,2021-05
2371,877,ATA,2021-03
2372,877,BETH,2015-09
2373,877,BLZ,2018-01
2374,877,BNT,2018-02
2375,877,DIP,2018-09
2376,877,DLT,2018-06
2377,877,ETH,2015-09
2378,877,FOAM,2018-09
2379,877,FUN,2017-07
2380,877,ICP,2018-08
2381,877,IXT,2018-05
2382,877,NXM,2018-04
2383,877,REP,2016-06
2384,877,TIDAL,2020-12
2385,877,VBNT,2018-02
2386,877,VEGA,2019-10
2387,878,QSP,2019-03
2388,879,BAL,2021-05
2389,879,BOND,2020-09
2390,879,DVF,2021-05
2391,879,IF,2021-06
2392,879,MPL,2020-12
2393,879,POOL,2020-10
2394,879,PTF,2020-09
2395,880,KRT,2019-02
2396,880,LUNA,2019-02
2397,880,SDT,2019-02
2398,881,STX,2014-11
2399,882,OGN,2018-04
2400,883,OOE,2015-06
2401,884,ALGO,2020-12
2402,884,AR,2020-12
2403,884,BETH,2014-07
2404,884,BNB,2020-12
2405,884,DODO,2021-02
2406,884,DUSK,2020-12
2407,884,ETH,2014-07
2408,884,GAS,2018-04
2409,884,HNT,2020-12
2410,884,HPB,2018-03
2411,884,HT,2020-12
2412,884,KCS,2018-11
2413,884,LTC,2017-12
2414,884,NEO,2018-04
2415,884,NPXS,2018-02
2416,884,NPXSXEM,2018-02
2417,884,OMG,2017-11
2418,884,PUNDIX,2018-02
2419,884,TRAC,2020-12
2420,885,YOP,2015-03
2421,886,PUSH,2020-12
2422,887,SNT,2014-03
2423,888,AUDIO,2021-09
2424,889,ICX,2020-08
2425,890,SPIKE,2016-09
2426,891,SHFT,2018-01
2427,892,PAX,2020-12
2428,892,PAXG,2020-12
2429,893,IFT,2015-10
2430,894,BLZ,2017-10
2431,894,BVOL,2019-08
2432,894,CRE,2018-05
2433,894,CSP,2017-12
2434,894,DOT,2017-10
2435,894,FORM,2021-05
2436,894,FTT,2019-08
2437,894,GNO,2017-04
2438,894,GZIL,2017-12
2439,894,HEDGE,2019-08
2440,894,HNS,2018-05
2441,894,ICX,2017-09
2442,894,IOTX,2018-02
2443,894,KNC,2017-09
2444,894,KNCL,2017-09
2445,894,KRT,2018-08
2446,894,LUNA,2018-08
2447,894,MAKI,2021-04
2448,894,NU,2017-12
2449,894,NXM,2018-04
2450,894,OGN,2018-06
2451,894,OMG,2017-06
2452,894,OOE,2021-03
2453,894,OST,2017-06
2454,894,OXT,2018-04
2455,894,RFR,2017-12
2456,894,RNDR,2018-04
2457,894,RTE,2018-05
2458,894,SDT,2018-08
2459,894,SNT,2017-05
2460,894,SRM,2020-07
2461,894,STOS,2021-05
2462,894,TIDAL,2020-12
2463,894,ZIL,2017-12
2464,894,ZRX,2017-07
2465,894,erowan,2020-08
2466,895,NMR,2016-04
2467,896,ATOM,2017-04
2468,896,BETH,2014-07
2469,896,ETH,2014-07
2470,897,PUSH,2020-12
2471,898,DOT,2019-06
2472,898,IOTX,2018-02
2473,898,MOB,2018-04
2474,899,UTU,2019-12
2475,900,YLDY,2021-04
2476,901,FIL,2014-07
2477,902,BVOL,2019-08
2478,902,FTT,2019-08
2479,902,HEDGE,2019-08
2480,902,MOB,2018-04
2481,902,PTF,2020-09
2482,903,SHIFT,2014-05
2483,904,MLN,2017-01
2484,905,SOL,2019-07
2485,906,HNT,2014-12
2486,906,NRVE,2014-09
2487,907,RLY,2019-12
2488,908,CELO,2018-06
2489,908,GRT,2019-01
2490,908,KDA,2018-01
2491,909,NRVE,2017-04
2492,910,CKB,2018-07
2493,910,DPI,2018-12
2494,910,MVI,2018-12
2495,910,NFTI,2018-12
2496,910,UDT,2018-06
2497,911,CSP,2018-09
2498,912,BLZ,2018-01
2499,912,CONV,2021-02
2500,912,LINA,2020-09
2501,912,OPIUM,2020-10
2502,912,REEF,2020-09
2503,912,TT,2019-02
2504,913,ALGO,2018-10
2505,913,GZIL,2017-12
2506,913,ZIL,2017-12
2507,914,GMEE,2021-05
2508,914,YGG,2021-08
2509,915,NRVE,2017-04
2510,916,NEU,2017-01
2511,917,AUDIO,2018-08
2512,917,HNS,2016-02
2513,917,OPT,2020-07
2514,918,XRP,2015-10
2515,919,NRVE,2021-07
2516,920,SHIFT,2014-11
2517,921,HUM,2019-07
2518,921,TEMCO,2018-10
2519,922,AGIX,2017-11
2520,922,ALGO,2018-07
2521,922,BLOC,2018-06
2522,922,CARD,2018-03
2523,922,CHZ,2018-04
2524,922,ESS,2018-02
2525,922,FTM,2018-05
2526,922,HBAR,2018-03
2527,922,OCEAN,2018-03
2528,922,RAZOR,2020-11
2529,922,TT,2018-04
2530,922,UGAS,2018-07
2531,922,WFTM,2018-05
2532,922,YLDY,2021-04
2533,922,ZEBI,2018-03
2534,922,erowan,2020-08
2535,923,CAPP,2013-12
2536,924,BUX,2019-06
2537,925,GMEE,2021-07
2538,925,INJ,2020-07
2539,925,REEF,2020-10
2540,925,TSX,2021-04
2541,925,UFT,2020-10
2542,926,CAS,2019-03
2543,927,HUB,2020-07
2544,928,CEL,2018-03
2545,928,GZIL,2017-12
2546,928,ZIL,2017-12
2547,929,ROYA,2021-01
2548,930,SOL,2021-06
2549,931,GMEE,2021-05
2550,932,BIA,2019-04
2551,932,BKK,2019-06
2552,932,BOX,2018-06
2553,932,HUB,2018-06
2554,932,LEV,2021-04
2555,932,MAKI,2021-04
2556,932,OOE,2021-03
2557,932,PUSH,2020-12
2558,932,TLM,2021-03
2559,932,TOTM,2021-03
2560,932,TSX,2021-04
2561,932,TVK,2020-11
2562,932,YLDY,2021-04
2563,932,ZIG,2021-04
2564,933,NRVE,2013-10
2565,934,BLOC,2019-01
2566,935,AUCTION,2019-10
2567,936,BLZ,2017-08
2568,937,BYN,2021-06
2569,937,CAPS,2018-05
2570,937,LABS,2021-02
2571,937,YAE,2021-04
2572,937,ZIG,2021-04
2573,938,ARPA,2018-08
2574,939,UDT,2018-06
2575,940,INDEX,2021-07
2576,940,MVI,2021-07
2577,941,CELO,2018-06
2578,941,FOX,2017-03
2579,942,HOT,2021-08
2580,943,HOT,2021-08
2581,944,ETHA,2021-03
2582,945,INXT,2020-03
2583,946,STMX,2017-01
2584,947,IF,2021-06
2585,948,ACXT,2020-09
2586,948,GRT,2020-10
2587,949,MOBI,2019-01
2588,950,BEST,2021-05
2589,951,ARPA,2018-08
2590,952,ARCX,2021-06
2591,952,PENDLE,2021-05
2592,952,PTF,2020-09
2593,952,RGT,2020-12
2594,953,SHIFT,2014-05
2595,954,HUB,2018-06
2596,955,ALGO,2018-10
2597,955,AVAX,2020-06
2598,955,BVOL,2019-08
2599,955,DFX,2021-02
2600,955,FLX,2021-02
2601,955,FST,2020-03
2602,955,FTT,2019-08
2603,955,GRT,2019-06
2604,955,HEDGE,2019-08
2605,955,IF,2021-06
2606,955,KAVA,2019-02
2607,955,LQTY,2020-09
2608,955,NAOS,2021-04
2609,955,ONE,2019-04
2610,955,PENDLE,2021-05
2611,955,RAI,2021-02
2612,955,SRM,2020-07
2613,955,STKR,2020-02
2614,955,USF,2021-03
2615,956,ICX,2021-08
2616,957,IF,2021-06
2617,958,CONV,2021-02
2618,958,MASK,2020-11
2619,958,NAOS,2021-04
2620,959,AXS,2021-05
2621,959,LPT,2019-06
2622,959,NEAR,2020-05
2623,959,SLP,2021-05
2624,960,GMEE,2021-05
2625,960,PAX,2013-11
2626,960,PAXG,2013-11
2627,961,CXO,2020-04
2628,962,AUDIO,2018-08
2629,962,BVOL,2021-07
2630,962,DVF,2021-05
2631,962,FTT,2021-07
2632,962,HEDGE,2021-07
2633,962,HNS,2015-03
2634,962,HOT,2020-01
2635,962,XRP,2013-04
2636,963,AUDIO,2021-09
2637,964,SPIKE,2016-09
2638,965,BNB,2017-09
2639,965,ICX,2017-09
2640,965,KDA,2018-04
2641,965,LINK,2017-09
2642,965,POWR,2017-09
2643,965,REN,2018-02
2644,965,RENFIL,2018-02
2645,965,WAN,2017-10
2646,965,ZRX,2017-06
2647,966,CELO,2018-06
2648,967,ANKR,2018-06
2649,967,CEN,2018-05
2650,967,FTM,2018-06
2651,967,WFTM,2018-06
2652,968,BEAM,2021-05
2653,969,DOCK,2018-02
2654,970,SPIKE,2018-08
2655,971,RAISE,2011-11
2656,972,SHIFT,2018-09
2657,973,EXRD,2019-05
2658,974,1INCH,2020-08
2659,974,INST,2019-10
2660,974,PTF,2020-09
2661,974,USF,2021-03
2662,974,VEGA,2021-03
2663,975,FIL,2017-09
2664,976,NPXS,2017-10
2665,976,NPXSXEM,2017-10
2666,976,PUNDIX,2017-10
2667,977,HUB,2018-05
2668,977,PAI,2017-12
2669,977,TT,2018-01
2670,978,BAL,2021-05
2671,978,DEXTF,2021-01
2672,978,DODO,2020-10
2673,978,DOT,2018-12
2674,978,DVF,2021-05
2675,978,IDLE,2020-11
2676,978,IF,2021-06
2677,978,INST,2021-06
2678,978,INSUR,2021-02
2679,978,LIT,2019-06
2680,978,TARA,2018-06
2681,978,YLDY,2021-04
2682,979,MASK,2021-02
2683,979,TLM,2021-03
2684,980,ATN,2018-02
2685,981,wSIENNA,2021-05
2686,982,BOSON,2021-03
2687,982,CWAP,2021-05
2688,983,ID,2013-04
2689,984,HNS,2015-03
2690,985,PUSH,2020-12
2691,986,CXO,2016-07
2692,987,BOSON,2021-03
2693,988,DEXTF,2019-11
2694,988,IMPACT,2021-05
2695,988,INSUR,2020-10
2696,988,KRT,2019-02
2697,988,LUNA,2019-02
2698,988,SDT,2019-02
2699,989,STX,2017-01
2700,990,IQQ,2020-07
2701,991,AVAX,2021-09
2702,992,GMEE,2018-08
2703,993,SOL,2019-07
2704,994,GMEE,2020-07
2705,995,HNS,2012-11
2706,996,EDR,2014-01
2707,997,RLY,2013-12
2708,998,ADA,2017-12
2709,998,BETH,2014-06
2710,998,ETH,2014-06
2711,999,BLOC,2018-01
2712,999,CELR,2018-07
2713,999,IOV,2018-03
2714,999,LOOM,2018-01
2715,999,SKL,2018-10
2716,999,TARA,2018-07
2717,1000,HPY,2019-12
2718,1001,HUM,2017-09
2719,1002,TBC,2021-04
2720,1003,ISP,2021-05
2721,1003,TBC,2021-04
2722,1004,TRB,2018-06
2723,1005,SHIFT,2019-04
2724,1006,CTXC,2021-05
2725,1007,TBC,2021-04
2726,1008,JOYS,2021-06
2727,1009,DVF,2021-05
2728,1009,IF,2021-06
2729,1010,ANKR,2018-06
2730,1010,RAVEN,2019-05
2731,1011,STX,2014-11
2732,1012,DXT,2015-01
2733,1012,HNT,2013-11
2734,1013,STMX,2017-08
2735,1014,FOX,2015-09
2736,1015,PUSH,2020-12
2737,1016,VALOR,2017-11
2738,1017,ASP,2018-03
2739,1017,GASP,2018-03
2740,1018,ID,2013-04
2741,1019,IFT,2015-10
2742,1020,AXS,2021-05
2743,1020,INJ,2021-04
2744,1020,MATIC,2021-05
2745,1020,SLP,2021-05
2746,1021,AUDIO,2021-09
2747,1022,DVF,2021-05
2748,1023,EDR,2017-03
2749,1024,TBC,2021-04
2750,1025,VALOR,2017-11
2751,1026,AUDIO,2021-09
2752,1027,DVPN,2020-09
2753,1028,GMEE,2016-04
2754,1029,HUM,2016-08
2755,1030,ASAP,2021-04
2756,1031,AMB,2017-01
2757,1032,ASP,2019-08
2758,1032,GASP,2019-08
2759,1033,BOSON,2021-03
2760,1033,BYN,2021-06
2761,1033,ISP,2021-05
2762,1033,SHLD,2021-05
2763,1033,TBC,2021-04
2764,1034,NRVE,2019-02
2765,1035,CTXC,2021-05
2766,1036,KCS,2018-11
2767,1037,CKB,2018-07
2768,1037,IOST,2016-12
2769,1038,SHX,2018-07
2770,1039,MOB,2021-08
2771,1040,DPI,2018-12
2772,1040,MVI,2018-12
2773,1040,NFTI,2018-12
2774,1041,QTUM,2017-01
2775,1042,SHIFT,2018-09
2776,1043,AUCTION,2019-01
2777,1044,DUSK,2018-11
2778,1044,EGLD,2019-07
2779,1044,EXRD,2019-05
2780,1044,NAOS,2021-04
2781,1044,POOL,2021-05
2782,1045,AUCTION,2019-06
2783,1045,DCT,2018-05
2784,1046,STX,2019-12
2785,1047,SPORTS,2021-03
2786,1048,DPI,2021-05
2787,1048,MVI,2021-05
2788,1048,NAOS,2021-03
2789,1048,NFTI,2021-05
2790,1048,PENDLE,2021-05
2791,1048,SI,2020-12
2792,1048,YGG,2021-06
2793,1049,PTOY,2017-05
2794,1050,MINDS,2018-10
2795,1051,CFG,2021-02
2796,1051,DDIM,2020-11
2797,1051,DUCK,2020-11
2798,1051,RAZOR,2020-09
2799,1051,TANGO,2021-03
2800,1051,TOTM,2021-03
2801,1051,WCFG,2021-02
2802,1051,XPRT,2020-08
2803,1051,YAE,2021-03
2804,1052,HNS,2018-06
2805,1052,LQTY,2021-03
2806,1052,RAD,2021-02
2807,1052,XCH,2017-09
2808,1053,SOL,2021-06
2809,1054,KIRO,2019-11
2810,1055,GTC,2021-04
2811,1055,POOL,2020-10
2812,1055,PUSH,2020-12
2813,1055,ZOMB,2020-11
2814,1056,AVAX,2019-02
2815,1056,KDA,2018-01
2816,1056,NEAR,2019-07
2817,1056,OXT,2017-10
2818,1056,TT,2019-02
2819,1056,XCH,2018-03
2820,1057,ASAP,2021-04
2821,1058,GMEE,2021-05
2822,1059,DG,2021-06
2823,1060,PLA,2018-11
2824,1061,AXIS,2020-02
2825,1061,DPI,2020-04
2826,1061,MVI,2020-04
2827,1061,NFTI,2020-04
2828,1062,MATIC,2019-08
2829,1062,POND,2019-07
2830,1063,RLY,2012-06
2831,1064,AUDIO,2021-09
2832,1065,IFT,2016-01
2833,1066,NPXS,2018-02
2834,1066,NPXSXEM,2018-02
2835,1066,PUNDIX,2018-02
2836,1067,FOX,2015-09
2837,1068,AUCTION,2018-12
2838,1069,ICX,2018-10
2839,1069,SPORTS,2021-03
2840,1070,RAISE,2021-02
2841,1071,TBC,2021-04
2842,1072,HPY,2012-09
2843,1073,SHIFT,2014-05
2844,1074,CXO,2013-05
2845,1074,MTL,2016-10
2846,1075,AUDIO,2021-09
2847,1076,GMEE,2019-05
2848,1077,SAND,2020-03
2849,1078,QTUM,2017-01
2850,1079,VSP,2016-12
2851,1080,NU,2016-08
2852,1081,PAX,2020-12
2853,1081,PAXG,2020-12
2854,1082,UGAS,2018-07
2855,1083,MIX,2019-01
2856,1084,ICX,2018-10
2857,1084,SHFT,2018-06
2858,1085,RIF,2017-05
2859,1086,BOSON,2021-03
2860,1086,FORM,2021-05
2861,1086,MAKI,2021-04
2862,1086,RAGE,2021-03
2863,1086,TLM,2021-03
2864,1087,NU,2017-03
2865,1087,NUG,2017-12
2866,1088,DVF,2021-05
2867,1088,USF,2021-03
2868,1088,VEGA,2021-03
2869,1089,ASAP,2021-04
2870,1089,RIF,2014-01
2871,1089,SOV,2020-12
2872,1089,VEGA,2019-10
2873,1090,BXX,2019-12
2874,1091,BXX,2018-09
2875,1092,UDT,2021-01
2876,1093,TBC,2021-04
2877,1094,LINA,2020-09
2878,1094,POLS,2020-09
2879,1094,RAGE,2021-03
2880,1094,TVK,2020-11
2881,1095,BYN,2021-06
2882,1095,CFG,2021-02
2883,1095,CWAP,2021-05
2884,1095,DON,2021-04
2885,1095,ISP,2021-05
2886,1095,MoFi,2021-04
2887,1095,PUSH,2020-12
2888,1095,RAGE,2021-03
2889,1095,TLM,2021-03
2890,1095,TOTM,2021-03
2891,1095,WCFG,2021-02
2892,1096,KEEP,2016-05
2893,1097,CWAP,2021-05
2894,1097,DON,2021-04
2895,1097,MEM,2021-05
2896,1098,NAOS,2021-04
2897,1098,OCC,2021-06
2898,1098,TSX,2021-04
2899,1099,CFG,2018-03
2900,1099,WCFG,2018-03
2901,1100,SRN,2016-04
2902,1101,XRP,2015-10
2903,1102,IQ,2015-06
2904,1103,IOTX,2018-05
2905,1104,AR,2019-11
2906,1104,AUDIO,2020-07
2907,1104,BVOL,2021-07
2908,1104,CKB,2018-07
2909,1104,DF,2020-04
2910,1104,FTT,2021-07
2911,1104,GRT,2019-01
2912,1104,HEDGE,2021-07
2913,1104,HNT,2019-06
2914,1104,ICP,2018-08
2915,1104,KDA,2018-01
2916,1104,MATH,2020-11
2917,1104,OOE,2021-03
2918,1104,OXY,2021-02
2919,1104,PERP,2020-08
2920,1104,SKL,2018-10
2921,1104,SOL,2019-07
2922,1105,HNT,2019-06
2923,1106,HNT,2016-04
2924,1107,PAY,2017-03
2925,1108,ICX,2020-10
2926,1109,MED,2020-12
2927,1110,COS,2018-09
2928,1111,STETH,2020-12
2929,1111,STZEN,2020-12
2930,1112,STETH,2020-12
2931,1112,STZEN,2020-12
2932,1113,LRC,2017-08
2933,1114,AERGO,2018-11
2934,1114,ALGO,2018-10
2935,1114,ANKR,2018-06
2936,1114,BLOC,2018-06
2937,1114,BLZ,2018-03
2938,1114,COCOS,2018-09
2939,1114,COS,2018-09
2940,1114,GZIL,2018-01
2941,1114,IHT,2018-02
2942,1114,IOTX,2018-02
2943,1114,KCS,2018-11
2944,1114,NKN,2018-03
2945,1114,OPEN,2018-03
2946,1114,POND,2019-07
2947,1114,SKL,2018-10
2948,1114,SOL,2019-07
2949,1114,STPT,2019-06
2950,1114,YLDY,2021-04
2951,1114,ZIL,2018-01
2952,1115,AUCTION,2020-01
2953,1116,KRT,2021-06
2954,1116,LUNA,2021-06
2955,1116,SDT,2021-06
2956,1117,GEN,2018-01
2957,1117,RAD,2021-02
2958,1117,SHFT,2017-05
2959,1118,EGLD,2019-07
2960,1119,ASAP,2021-04
2961,1119,AVAX,2020-06
2962,1119,CONV,2021-02
2963,1119,DWZ,2021-02
2964,1119,FLEX,2019-08
2965,1119,HGET,2020-08
2966,1119,KEX,2020-12
2967,1119,LEV,2021-04
2968,1119,LINA,2020-09
2969,1119,MAKI,2021-04
2970,1119,MARSH,2021-03
2971,1119,MATH,2020-12
2972,1119,PHTR,2021-04
2973,1119,POLS,2020-09
2974,1119,RAZOR,2020-11
2975,1119,REEF,2020-09
2976,1119,SHLD,2021-05
2977,1119,STAKE,2019-08
2978,1119,TIDAL,2020-12
2979,1119,TROY,2019-07
2980,1119,TSX,2021-04
2981,1119,TVK,2020-11
2982,1119,VEGA,2019-10
2983,1119,erowan,2020-08
2984,1120,SENSE,2016-08
2985,1121,NMC,2017-05
2986,1122,ARIA20,2021-03
2987,1123,$COIN,2018-06
2988,1123,AAVE,2021-01
2989,1123,ADA,2017-10
2990,1123,ANT,2017-05
2991,1123,BNT,2017-06
2992,1123,BTT,2019-01
2993,1123,CENNZ,2017-10
2994,1123,DOT,2020-08
2995,1123,FIL,2017-08
2996,1123,GLM,2016-11
2997,1123,GNO,2017-04
2998,1123,ICX,2017-09
2999,1123,KRT,2020-07
3000,1123,LSK,2016-03
3001,1123,LUNA,2020-07
3002,1123,NTK,2018-01
3003,1123,OMG,2017-04
3004,1123,PAY,2017-06
3005,1123,QTUM,2017-03
3006,1123,SDT,2020-07
3007,1123,SNT,2017-06
3008,1123,SPIKE,2018-08
3009,1123,SRN,2017-12
3010,1123,UNI,2021-01
3011,1123,UTNP,2017-12
3012,1123,VBNT,2017-06
3013,1123,WAXP,2017-11
3014,1123,XRP,2017-04
3015,1123,XST,2017-01
3016,1123,ZRX,2017-06
3017,1124,CXO,2014-07
3018,1124,RIF,2016-10
3019,1125,TOTM,2021-03
3020,1126,AMM,2016-03
3021,1127,POOL,2021-05
3022,1128,FLEX,2021-02
3023,1128,ZRX,2021-02
3024,1129,RLY,2018-09
3025,1130,TFUEL,2017-11
3026,1130,THETA,2017-11
3027,1130,ZRX,2017-06
3028,1131,RLY,2020-12
3029,1132,MOBI,2018-01
3030,1133,HUM,2019-11
3031,1134,IFT,2015-10
3032,1135,CELO,2018-06
3033,1135,FIL,2014-07
3034,1135,GTC,2021-04
3035,1135,INST,2019-10
3036,1135,NMR,2016-04
3037,1135,RAD,2021-02
3038,1135,RLY,2012-06
3039,1135,SI,2021-03
3040,1135,STX,2014-11
3041,1135,XCH,2018-03
3042,1136,ZFL,2021-02
3043,1137,AUCTION,2019-03
3044,1138,ARMOR,2011-09
3045,1138,arNXM,2011-09
3046,1139,GMEE,2016-04
3047,1140,SHX,2018-07
3048,1141,BVOL,2021-07
3049,1141,FTT,2021-07
3050,1141,HEDGE,2021-07
3051,1141,RAISE,2015-01
3052,1142,CBAT,2020-01
3053,1142,CCOMP,2020-01
3054,1142,CDAI,2020-01
3055,1142,COMP,2020-01
3056,1142,CREP,2020-01
3057,1142,CUNI,2020-01
3058,1142,CWBTC,2020-01
3059,1142,CZRX,2020-01
3060,1143,UBXT,2021-01
3061,1144,CWAP,2021-05
3062,1145,FIN,2020-03
3063,1146,FIN,2020-03
3064,1147,ICX,2020-08
3065,1148,OPT,2020-07
3066,1149,RLY,2019-12
3067,1150,1INCH,2020-12
3068,1150,AMPL,2018-12
3069,1150,CELO,2018-06
3070,1150,FORTH,2018-12
3071,1150,LQTY,2021-03
3072,1150,NU,2017-12
3073,1150,ZRX,2021-02
3074,1151,ETN,2017-11
3075,1152,BOX,2018-06
3076,1152,DOT,2017-10
3077,1152,GZIL,2017-11
3078,1152,LINK,2017-09
3079,1152,LOOM,2018-01
3080,1152,OMG,2017-06
3081,1152,PLA,2018-11
3082,1152,QTUM,2017-01
3083,1152,RDN,2017-10
3084,1152,TFUEL,2017-11
3085,1152,THETA,2017-11
3086,1152,ZIL,2017-11
3087,1153,FTM,2018-06
3088,1153,WFTM,2018-06
3089,1154,CELO,2018-06
3090,1155,AAC,2017-12
3091,1155,BIX,2017-11
3092,1155,BOX,2018-06
3093,1155,CEN,2018-05
3094,1155,DDD,2017-11
3095,1155,DPY,2011-12
3096,1155,ELF,2017-11
3097,1155,GEM,2018-01
3098,1155,GNX,2017-11
3099,1155,GTO,2017-11
3100,1155,GZIL,2017-11
3101,1155,HT,2017-11
3102,1155,HUB,2018-06
3103,1155,IOST,2018-01
3104,1155,LBTC,2017-11
3105,1155,MDT,2017-12
3106,1155,MEET,2018-01
3107,1155,MXC,2018-07
3108,1155,NKN,2018-03
3109,1155,PST,2017-11
3110,1155,QUN,2017-12
3111,1155,TCH,2017-11
3112,1155,TFUEL,2017-11
3113,1155,THETA,2017-11
3114,1155,TNB,2017-11
3115,1155,TRIO,2018-02
3116,1155,WAXP,2017-12
3117,1155,ZIL,2017-11
3118,1156,TBC,2021-04
3119,1157,CWAP,2021-05
3120,1158,OCEAN,2018-03
3121,1159,QSP,2019-03
3122,1160,CLOUT,2021-03
3123,1161,UGAS,2018-07
3124,1162,LPT,2019-06
3125,1163,ICX,2021-08
3126,1163,SENSE,2016-08
3127,1164,UGAS,2018-07
3128,1165,LPT,2019-06
3129,1165,NU,2018-04
3130,1166,wSIENNA,2021-05
3131,1167,NMR,2016-04
3132,1167,XRP,2015-05
3133,1168,PAX,2020-12
3134,1168,PAXG,2020-12
3135,1169,CAS,2020-09
3136,1170,MIX,2019-01
3137,1171,ANKR,2018-06
3138,1171,INJ,2020-07
3139,1171,TRIO,2018-02
3140,1172,UGAS,2018-07
3141,1173,DVF,2021-05
3142,1173,GDT,2021-04
3143,1173,KRT,2018-08
3144,1173,LUNA,2018-08
3145,1173,SDT,2018-08
3146,1174,ANKR,2017-11
3147,1174,OGN,2018-02
3148,1174,TOL,2018-09
3149,1175,PAX,2021-04
3150,1175,PAXG,2021-04
3151,1176,ICX,2018-10
3152,1177,ETHA,2021-03
3153,1178,BLOC,2018-07
3154,1178,DREP,2018-06
3155,1178,EQUAD,2018-07
3156,1178,FTM,2018-06
3157,1178,LRC,2017-08
3158,1178,NCC,2018-02
3159,1178,TT,2018-04
3160,1178,WFTM,2018-06
3161,1179,SHFT,2018-06
3162,1180,CSP,2018-09
3163,1181,GMEE,2021-05
3164,1182,STMX,2021-04
3165,1183,HPB,2018-06
3166,1184,AMM,2016-03
3167,1185,STX,2019-09
3168,1186,AUCTION,2019-06
3169,1186,HNS,2018-10
3170,1187,AR,2018-06
3171,1187,BVOL,2019-08
3172,1187,CRE,2018-05
3173,1187,FTT,2019-08
3174,1187,GZIL,2017-12
3175,1187,HEDGE,2019-08
3176,1187,MPL,2020-12
3177,1187,OGN,2018-04
3178,1187,RAZOR,2020-11
3179,1187,STEP,2021-04
3180,1187,TLM,2021-03
3181,1187,ZIL,2017-12
3182,1188,SPIKE,2016-09
3183,1189,STMX,2021-07
3184,1190,BUX,2021-04
3185,1191,PTOY,2019-08
3186,1192,BIA,2019-04
3187,1192,ETHA,2021-03
3188,1192,KEX,2020-12
3189,1192,PENDLE,2021-05
3190,1192,RAZOR,2020-11
3191,1193,TBC,2021-04
3192,1194,CXO,2016-01
3193,1195,GMEE,2015-07
3194,1196,BOSON,2019-09
3195,1196,DIA,2020-08
3196,1196,EMT,2020-11
3197,1196,FET,2018-06
3198,1196,MEM,2021-05
3199,1196,OCEAN,2018-01
3200,1196,TANGO,2020-06
3201,1196,ZINC,2020-03
3202,1197,BOSON,2019-09
3203,1197,DIA,2019-09
3204,1197,EMT,2020-11
3205,1197,TANGO,2020-06
3206,1197,TAP,2020-06
3207,1197,ZINC,2020-03
3208,1198,HBAR,2018-08
3209,1198,OGN,2018-04
3210,1198,SHX,2018-07
3211,1198,SKL,2018-10
3212,1198,STX,2017-12
3213,1199,HUM,2019-07
3214,1200,USF,2021-03
3215,1201,YLD,2020-12
3216,1202,LINA,2020-09
3217,1203,DMD,2017-03
3218,1204,GO,2018-04
3219,1204,XRP,2017-04
3220,1205,CGT,2021-07
3221,1206,SHIFT,2019-12
3222,1207,AXS,2019-11
3223,1207,SLP,2019-11
3224,1208,SHIFT,2014-05
3225,1209,1INCH,2020-12
3226,1209,AMPL,2018-03
3227,1209,ANKR,2018-06
3228,1209,API3,2020-11
3229,1209,ART,2017-09
3230,1209,AUCTION,2020-03
3231,1209,AUDIO,2018-08
3232,1209,BAL,2021-02
3233,1209,CEN,2018-06
3234,1209,CLOUT,2021-03
3235,1209,CVC,2016-01
3236,1209,DMT,2017-12
3237,1209,DODO,2020-10
3238,1209,DOT,2017-10
3239,1209,ENG,2018-10
3240,1209,FLX,2021-02
3241,1209,FORTH,2018-03
3242,1209,FOX,2017-03
3243,1209,FUN,2017-07
3244,1209,GDT,2020-11
3245,1209,INJ,2020-07
3246,1209,INST,2019-10
3247,1209,KRT,2021-01
3248,1209,LQTY,2021-03
3249,1209,LUNA,2021-01
3250,1209,MITH,2018-01
3251,1209,MTRG,2019-05
3252,1209,NEAR,2019-07
3253,1209,OGN,2017-12
3254,1209,PTF,2020-09
3255,1209,RAI,2021-02
3256,1209,SDT,2021-01
3257,1209,TT,2019-02
3258,1209,VEGA,2019-10
3259,1209,VPP,2021-04
3260,1209,XRP,2013-05
3261,1209,ZEC,2016-01
3262,1209,ZRX,2021-02
3263,1209,eMTRG,2019-05
3264,1210,CELR,2019-03
3265,1211,1INCH,2020-12
3266,1211,AAVE,2020-07
3267,1211,BOND,2020-09
3268,1211,DIGG,2021-03
3269,1211,DPI,2021-05
3270,1211,DVF,2020-08
3271,1211,GRT,2020-06
3272,1211,INSUR,2020-10
3273,1211,MVI,2021-05
3274,1211,NFTI,2021-05
3275,1211,POOL,2020-10
3276,1211,RAD,2021-02
3277,1211,RAMP,2020-08
3278,1211,SLRS,2021-07
3279,1211,SOL,2021-06
3280,1211,UNI,2020-08
3281,1211,VEGA,2021-03
3282,1211,YGG,2021-06
3283,1212,ATOM,2019-01
3284,1212,BVOL,2021-07
3285,1212,CBAT,2019-11
3286,1212,CCOMP,2019-11
3287,1212,CDAI,2019-11
3288,1212,COMP,2019-11
3289,1212,CREP,2019-11
3290,1212,CUNI,2019-11
3291,1212,CWBTC,2019-11
3292,1212,CZRX,2019-11
3293,1212,FLX,2020-08
3294,1212,FTT,2021-07
3295,1212,GTC,2021-04
3296,1212,HEDGE,2021-07
3297,1212,KEEP,2020-04
3298,1212,LDO,2021-05
3299,1212,MINA,2019-04
3300,1212,MKR,2019-12
3301,1212,NMR,2019-03
3302,1212,RAI,2020-08
3303,1212,SBTC,2020-12
3304,1212,SC,2020-09
3305,1212,SETH,2020-12
3306,1212,SNX,2020-12
3307,1212,STETH,2021-05
3308,1212,UNI,2020-08
3309,1212,sLINK,2020-12
3310,1213,PENDLE,2021-05
3311,1213,ZIG,2021-04
3312,1214,DMD,2017-03
3313,1215,ASAP,2021-04
3314,1216,MARSH,2021-03
3315,1217,DPI,2018-12
3316,1217,MVI,2018-12
3317,1217,NFTI,2018-12
3318,1218,NRVE,2012-07
3319,1219,SOL,2019-07
3320,1220,ARMOR,2011-03
3321,1220,arNXM,2011-03
3322,1221,CREA,2019-06
3323,1221,XRP,2013-04
3324,1222,BEAM,2021-05
3325,1223,CXO,2020-06
3326,1224,OMG,2017-06
3327,1225,REP,2015-07
3328,1226,CONV,2021-02
3329,1227,PAX,2020-12
3330,1227,PAXG,2020-12
3331,1227,RAISE,2017-09
3332,1228,CHEX,2021-02
3333,1229,RLY,2019-12
3334,1230,BXX,2018-09
3335,1231,TBC,2021-04
3336,1232,NMR,2016-04
3337,1233,NRVE,2012-07
3338,1234,ID,2012-01
3339,1235,VGX,2018-06
3340,1236,DDX,2020-07
3341,1237,MARSH,2021-03
3342,1238,MoFi,2021-04
3343,1239,ASP,2018-03
3344,1239,CREA,2019-06
3345,1239,GASP,2018-03
3346,1240,ALGO,2018-02
3347,1240,LBC,2016-08
3348,1241,ASP,2018-03
3349,1241,GASP,2018-03
3350,1241,KRT,2021-06
3351,1241,LUNA,2021-06
3352,1241,QSP,2019-03
3353,1241,SDT,2021-06
3354,1242,API3,2020-11
3355,1242,BAL,2020-03
3356,1242,BETH,2017-01
3357,1242,DCR,2018-06
3358,1242,DOT,2019-06
3359,1242,ETH,2017-01
3360,1242,FIL,2017-09
3361,1242,FOAM,2020-01
3362,1242,FST,2021-01
3363,1242,MKR,2019-02
3364,1242,MLN,2019-01
3365,1242,NMR,2019-03
3366,1242,NXM,2021-02
3367,1242,RAD,2021-02
3368,1242,UMA,2019-02
3369,1242,ZEC,2018-01
3370,1242,ZRX,2017-10
3371,1243,BLZ,2016-03
3372,1243,GZIL,2017-11
3373,1243,KNC,2017-09
3374,1243,KNCL,2017-09
3375,1243,REQ,2017-03
3376,1243,ZIL,2017-11
3377,1244,NMR,2016-04
3378,1245,BOSON,2021-03
3379,1246,TBC,2021-04
3380,1247,ENG,2016-09
3381,1248,CVC,2017-02
3382,1248,SENSE,2016-08
3383,1248,STMX,2021-04
3384,1249,$KING,2020-10
3385,1250,BNB,2017-11
3386,1250,DASH,2017-06
3387,1251,ETHA,2021-03
3388,1252,HNS,2016-03
3389,1253,ALGO,2018-10
3390,1254,AVAX,2019-02
3391,1254,CBAT,2018-05
3392,1254,CCOMP,2018-05
3393,1254,CDAI,2018-05
3394,1254,CELO,2018-06
3395,1254,CKB,2018-07
3396,1254,CLOUT,2021-03
3397,1254,COMP,2018-05
3398,1254,CREP,2018-05
3399,1254,CUNI,2018-05
3400,1254,CWBTC,2018-05
3401,1254,CZRX,2018-05
3402,1254,DDX,2020-07
3403,1254,DFX,2021-02
3404,1254,DIGG,2021-03
3405,1254,DOT,2017-10
3406,1254,FLEX,2019-03
3407,1254,ICP,2018-02
3408,1254,KEEP,2018-04
3409,1254,KRT,2018-08
3410,1254,LQTY,2020-09
3411,1254,LUNA,2018-08
3412,1254,MKR,2017-12
3413,1254,MPL,2021-03
3414,1254,NU,2017-12
3415,1254,OGO,2018-06
3416,1254,OXT,2017-10
3417,1254,RDN,2017-10
3418,1254,REN,2018-02
3419,1254,RENFIL,2018-02
3420,1254,SDT,2018-08
3421,1254,SOL,2021-06
3422,1254,STKR,2019-08
3423,1255,DG,2021-09
3424,1255,MAKI,2021-04
3425,1255,SPS,2021-07
3426,1256,RLY,2020-09
3427,1257,ASAP,2021-04
3428,1258,OGN,2018-04
3429,1258,SENSE,2015-01
3430,1259,SHX,2018-07
3431,1260,PUSH,2020-12
3432,1261,HOT,2020-01
3433,1262,HNS,2012-11
3434,1263,NAOS,2021-04
3435,1264,DODO,2020-10
3436,1264,IF,2021-06
3437,1264,KDA,2018-04
3438,1264,NAOS,2021-04
3439,1265,CHEX,2020-11
3440,1266,PUSH,2020-12
3441,1267,OPT,2020-01
3442,1268,CVC,2016-01
3443,1269,BUX,2021-04
3444,1270,SHEESHA,2021-04
3445,1271,VET,2018-05
3446,1272,INJ,2021-04
3447,1272,MAKI,2021-04
3448,1272,PTF,2020-09
3449,1272,REEF,2020-09
3450,1272,SI,2020-12
3451,1272,TIDAL,2020-12
3452,1273,INJ,2020-07
3453,1273,OPIUM,2020-10
3454,1274,STX,2017-12
3455,1275,BVOL,2015-03
3456,1275,FTT,2015-03
3457,1275,HEDGE,2015-03
3458,1276,DREP,2019-03
3459,1276,MITH,2018-01
3460,1277,AUCTION,2019-06
3461,1277,CXO,2017-11
3462,1278,IDLE,2020-11
3463,1279,SHEESHA,2021-04
3464,1280,CKB,2018-07
3465,1281,SPIKE,2016-02
3466,1282,RLY,2012-06
3467,1283,CELO,2018-06
3468,1284,ID,2018-04
3469,1284,PTOY,2019-08
3470,1285,OPEN,2018-03
3471,1286,PRO,2019-04
3472,1287,BEST,2021-08
3473,1288,GMEE,2021-05
3474,1288,PAX,2020-12
3475,1288,PAXG,2020-12
3476,1289,FIL,2017-08
3477,1289,PAX,2013-11
3478,1289,PAXG,2013-11
3479,1289,XRP,2015-05
3480,1290,VEGA,2019-10
3481,1291,BVOL,2019-08
3482,1291,FTT,2019-08
3483,1291,HEDGE,2019-08
3484,1292,SPIKE,2018-10
3485,1293,AUCTION,2018-08
3486,1294,DVPN,2020-09
3487,1295,AVAX,2019-02
3488,1295,SOL,2018-06
3489,1296,MARSH,2021-03
3490,1296,SPS,2021-07
3491,1297,OGN,2018-04
3492,1298,SHX,2018-07
3493,1299,PUSH,2020-12
3494,1300,PAX,2015-05
3495,1300,PAXG,2015-05
3496,1300,RLY,2020-09
3497,1301,ASAP,2021-04
3498,1301,BOSON,2021-03
3499,1302,MARSH,2021-03
3500,1302,PUSH,2020-12
3501,1303,STEP,2021-04
3502,1304,API3,2020-11
3503,1305,HNS,2018-10
3504,1306,GRT,2019-01
3505,1306,NU,2017-12
3506,1306,SLRS,2021-07
3507,1306,SOL,2019-07
3508,1307,SKL,2019-10
3509,1308,BEAM,2019-02
3510,1308,COTI,2019-05
3511,1309,$COIN,2014-05
3512,1310,CTXC,2015-04
3513,1311,MLN,2017-10
3514,1312,OPEN,2018-03
3515,1313,PERP,2020-08
3516,1314,CELO,2018-06
3517,1315,RLY,2012-06
3518,1316,SUB,2017-08
3519,1317,SRN,2016-04
3520,1318,WILD,2021-05
3521,1319,1INCH,2020-12
3522,1319,DODO,2020-08
3523,1320,AVAX,2021-09
3524,1320,GDT,2021-04
3525,1321,NRVE,2019-02
3526,1322,REP,2015-10
3527,1323,NRVE,2010-02
3528,1324,BVOL,2021-07
3529,1324,FTT,2021-07
3530,1324,HEDGE,2021-07
3531,1324,HNT,2021-08
3532,1325,SNT,2014-03
3533,1326,LINK,2017-09
3534,1327,NAOS,2021-04
3535,1328,OXT,2017-10
3536,1329,XCH,2021-05
3537,1330,DVF,2021-05
3538,1331,SHX,2018-07
3539,1332,REP,2013-05
3540,1332,RLY,2016-06
3541,1332,SPORTS,2018-01
3542,1332,TCT,2018-01
3543,1333,STX,2017-01
3544,1334,CTXC,2020-06
3545,1335,OPNN,2019-05
3546,1336,AUCTION,2018-12
3547,1337,DVF,2021-05
3548,1338,VGX,2018-06
3549,1339,CFG,2019-10
3550,1339,FLX,2020-08
3551,1339,RAI,2020-08
3552,1339,SI,2021-03
3553,1339,WCFG,2019-10
3554,1340,ASP,2018-03
3555,1340,GASP,2018-03
3556,1341,INST,2019-10
3557,1341,KAVA,2019-02
3558,1341,LQTY,2020-09
3559,1341,POOL,2020-10
3560,1341,SI,2020-12
3561,1342,MLN,2017-10
3562,1343,1INCH,2020-12
3563,1343,AERGO,2018-11
3564,1343,KNC,2020-08
3565,1343,KNCL,2020-08
3566,1343,KRT,2020-07
3567,1343,LUNA,2020-07
3568,1343,OPIUM,2020-10
3569,1343,SDT,2020-07
3570,1343,SI,2021-03
3571,1343,UNI,2020-09
3572,1343,VEGA,2019-10
3573,1344,CFG,2021-02
3574,1344,WCFG,2021-02
3575,1345,SOL,2019-07
3576,1346,MOB,2021-08
3577,1347,PLA,2012-08
3578,1348,FOX,2015-03
3579,1349,KIRO,2019-11
3580,1350,RLY,2012-06
3581,1351,XRP,2015-05
3582,1352,RAMP,2020-08
3583,1353,OIN,2020-08
3584,1354,IF,2021-06
3585,1355,CVC,2016-01
3586,1356,IFT,2016-01
3587,1357,ANKR,2017-11
3588,1358,BUX,2021-04
3589,1359,CFG,2018-03
3590,1359,WCFG,2018-03
3591,1360,ATP,2018-08
3592,1361,WXT,2017-03
3593,1362,XRP,2016-09
3594,1363,XRP,2016-09
3595,1364,AUCTION,2020-01
3596,1365,DEXTF,2019-11
3597,1366,SPORTS,2020-09
3598,1367,MVL,2019-12
3599,1368,IMPACT,2021-05
3600,1369,AUCTION,2020-03
3601,1369,BAND,2019-06
3602,1369,FIN,2020-10
3603,1369,GMEE,2021-05
3604,1369,KEX,2020-12
3605,1369,MASK,2020-11
3606,1369,NAOS,2021-03
3607,1369,STX,2019-07
3608,1370,API3,2019-11
3609,1370,CTSI,2018-05
3610,1370,SBTC,2020-09
3611,1370,SETH,2020-09
3612,1370,SNX,2020-09
3613,1370,sLINK,2020-09
3614,1371,DFX,2021-02
3615,1372,ARMOR,2017-04
3616,1372,arNXM,2017-04
3617,1373,CELO,2018-06
3618,1373,HNT,2013-11
3619,1373,ICP,2018-06
3620,1373,KDA,2017-04
3621,1373,LDO,2019-10
3622,1373,MET,2019-12
3623,1373,NEAR,2018-09
3624,1373,RLY,2010-12
3625,1373,SC,2019-03
3626,1373,SHIFT,2014-11
3627,1373,STETH,2019-10
3628,1373,STX,2014-11
3629,1373,TT,2018-04
3630,1373,UNI,2020-08
3631,1373,VGX,2017-06
3632,1373,XNK,2011-01
3633,1374,MVL,2019-12
3634,1375,UGAS,2018-07
3635,1376,CTXC,2021-05
3636,1377,MVL,2020-05
3637,1378,AI,2021-07
3638,1378,KRT,2021-06
3639,1378,LUNA,2021-06
3640,1378,SDT,2021-06
3641,1378,TFUEL,2019-05
3642,1378,THETA,2019-05
3643,1379,GMEE,2021-07
3644,1380,QARK,2021-06
3645,1381,NMR,2016-04
3646,1382,IF,2021-06
3647,1382,MARSH,2021-03
3648,1382,MEM,2021-05
3649,1383,VSP,2018-05
3650,1384,SI,2021-03
3651,1385,UCT,2018-03
3652,1386,HBAR,2018-02
3653,1387,NU,2017-12
3654,1388,ICX,2018-10
3655,1389,HPY,2019-12
3656,1390,ARCX,2021-06
3657,1390,ICP,2018-08
3658,1390,KDA,2018-01
3659,1390,YGG,2021-03
3660,1391,MKR,2017-12
3661,1392,GMEE,2021-07
3662,1393,CTXC,2021-05
3663,1393,DPI,2018-12
3664,1393,ID,2012-01
3665,1393,MVI,2018-12
3666,1393,NFTI,2018-12
3667,1394,PUSH,2020-12
3668,1395,BAND,2019-02
3669,1396,AUCTION,2018-12
3670,1396,DXT,2015-01
3671,1397,XRP,2015-05
3672,1398,SPORTS,2021-02
3673,1399,STX,2019-12
3674,1400,PRO,2019-06
3675,1401,CPAY,2014-02
3676,1402,CRPT,2021-03
3677,1403,CFG,2018-03
3678,1403,WCFG,2018-03
3679,1404,BVOL,2021-07
3680,1404,FTT,2021-07
3681,1404,HEDGE,2021-07
3682,1404,PAX,2020-12
3683,1404,PAXG,2020-12
3684,1405,BNB,2017-09
3685,1405,BVOL,2021-07
3686,1405,CLOUT,2021-03
3687,1405,CTXC,2021-05
3688,1405,FIL,2017-08
3689,1405,FTT,2021-07
3690,1405,HEDGE,2021-07
3691,1405,OXT,2017-10
3692,1405,VGX,2016-09
3693,1406,AERGO,2018-11
3694,1406,CKB,2018-07
3695,1406,IOST,2018-01
3696,1406,KEY,2008-06
3697,1407,AUCTION,2018-08
3698,1407,BAND,2019-02
3699,1408,CTSI,2018-03
3700,1409,RLY,2012-06
3701,1410,PHTR,2021-04
3702,1410,VEGA,2021-03
3703,1410,YGG,2021-03
3704,1411,TSX,2021-04
3705,1412,ICX,2018-10
3706,1413,STX,2014-11
3707,1414,CFX,2021-01
3708,1415,HNT,2013-11
3709,1416,VGX,2016-09
3710,1417,CWAP,2021-05
3711,1417,TBC,2021-04
3712,1418,KYL,2008-10
3713,1419,XIN,2015-09
3714,1420,$COIN,2014-05
3715,1421,WBX,2021-04
3716,1422,FORM,2021-05
3717,1422,TBC,2021-04
3718,1423,MVL,2020-05
3719,1424,VSP,2018-05
3720,1425,DVF,2021-05
3721,1426,SPS,2021-07
3722,1427,TFUEL,2017-12
3723,1427,THETA,2017-12
3724,1428,BZRX,2018-03
3725,1429,SKL,2018-10
3726,1430,FIN,2020-10
3727,1430,FTM,2018-06
3728,1430,INSUR,2020-10
3729,1430,LBA,2018-04
3730,1430,OIN,2020-08
3731,1430,PENDLE,2021-05
3732,1430,POLS,2020-09
3733,1430,PTF,2020-09
3734,1430,RAMP,2020-08
3735,1430,VEGA,2021-03
3736,1430,WFTM,2018-06
3737,1430,WILD,2021-05
3738,1431,AWS,2020-03
3739,1431,AWX,2020-03
3740,1432,GMEE,2016-04
3741,1433,FIL,2017-09
3742,1433,ZRX,2017-06
3743,1434,SRN,2013-11
3744,1435,BVOL,2020-03
3745,1435,FTT,2020-03
3746,1435,HEDGE,2020-03
3747,1435,IF,2021-06
3748,1435,MAPS,2021-01
3749,1435,MASK,2020-11
3750,1435,SOL,2021-06
3751,1435,SRM,2020-07
3752,1435,ZIG,2021-04
3753,1436,SRN,2016-04
3754,1437,BOX,2018-06
3755,1437,CEN,2018-06
3756,1437,TCASH,2018-03
3757,1437,UGAS,2018-07
3758,1438,SLRS,2021-07
3759,1438,wSIENNA,2021-05
3760,1439,AMPL,2018-12
3761,1439,FORTH,2018-12
3762,1439,HNT,2013-11
3763,1439,SOL,2019-07
3764,1439,XCH,2020-08
3765,1440,SHFT,2018-03
3766,1441,STX,2019-12
3767,1442,CELO,2018-06
3768,1442,CLOUT,2021-03
3769,1442,DPI,2018-12
3770,1442,MVI,2018-12
3771,1442,NFTI,2018-12
3772,1443,CVC,2016-01
3773,1443,RLY,2018-01
3774,1444,INXT,2020-03
3775,1445,CTXC,2020-06
3776,1445,TOPC,2019-11
3777,1446,BVOL,2021-07
3778,1446,FTT,2021-07
3779,1446,HEDGE,2021-07
3780,1446,KEEP,2021-01
3781,1446,VGX,2021-07
3782,1447,API3,2020-11
3783,1447,DON,2021-04
3784,1447,IMPACT,2021-05
3785,1447,STEP,2021-04
3786,1447,UNN,2020-11
3787,1448,STMX,2021-04
3788,1449,PAX,2015-05
3789,1449,PAXG,2015-05
3790,1450,MLN,2017-10
3791,1450,RAISE,2015-01
3792,1451,BOX,2018-06
3793,1451,MCX,2018-01
3794,1451,MITH,2018-01
3795,1451,OGN,2018-04
3796,1451,OPEN,2018-03
3797,1451,PENDLE,2021-05
3798,1451,PLA,2018-11
3799,1451,TT,2018-04
3800,1452,CXO,2017-11
3801,1453,LINA,2020-09
3802,1454,CVC,2016-01
3803,1455,CBAT,2018-05
3804,1455,CCOMP,2018-05
3805,1455,CDAI,2018-05
3806,1455,COMP,2018-05
3807,1455,CREP,2018-05
3808,1455,CUNI,2018-05
3809,1455,CWBTC,2018-05
3810,1455,CZRX,2018-05
3811,1455,GRT,2019-01
3812,1456,HNS,2016-03
3813,1457,$COIN,2014-05
3814,1458,$COIN,2014-05
3815,1458,BXC,2018-09
3816,1458,HNS,2016-11
3817,1458,UNI,2021-05
3818,1459,ASAP,2021-04
3819,1459,BYN,2021-06
3820,1459,DON,2021-04
3821,1459,FORM,2021-05
3822,1459,GLCH,2020-12
3823,1459,HOPR,2020-07
3824,1459,MEM,2021-05
3825,1459,MoFi,2021-04
3826,1459,OCC,2021-06
3827,1459,RAGE,2021-03
3828,1459,RAZOR,2020-11
3829,1459,SHLD,2021-05
3830,1459,TSX,2021-04
3831,1459,UGAS,2018-07
3832,1459,UNN,2020-11
3833,1460,MARSH,2021-03
3834,1461,TFUEL,2017-12
3835,1461,THETA,2017-12
3836,1462,BOSON,2021-03
3837,1462,YGG,2021-03
3838,1462,ZOMB,2020-11
3839,1463,DPI,2021-05
3840,1463,MVI,2021-05
3841,1463,NFTI,2021-05
3842,1464,BEST,2020-04
3843,1465,SAND,2020-03
3844,1466,LPT,2019-06
3845,1467,XRP,2016-09
3846,1468,AAVE,2020-10
3847,1468,FLX,2020-08
3848,1468,INST,2021-06
3849,1468,RAI,2020-08
3850,1469,VGX,2018-06
3851,1470,BOND,2020-09
3852,1470,DVF,2021-05
3853,1470,MPL,2020-12
3854,1470,POOL,2020-10
3855,1470,VEGA,2021-03
3856,1471,REP,2013-05
3857,1472,HPB,2018-06
3858,1473,DVF,2021-05
3859,1474,AXIS,2020-05
3860,1475,PTOY,2016-10
3861,1476,CND,2016-06
3862,1477,GMEE,2016-04
3863,1478,TKN,2012-05
3864,1479,PAY,2015-07
3865,1480,STORJ,2017-01
3866,1481,TBC,2021-04
3867,1482,ARMOR,2011-09
3868,1482,arNXM,2011-09
3869,1483,AUDIO,2021-09
3870,1484,PAY,2016-01
3871,1485,STMX,2017-08
3872,1486,VGX,2021-02
3873,1487,ASAP,2021-04
3874,1487,PENDLE,2021-05
3875,1488,VGX,2018-08
3876,1489,SHFT,2019-02
3877,1490,XLM,2014-08
3878,1491,BOX,2018-06
3879,1491,OXT,2017-10
3880,1492,1INCH,2020-12
3881,1492,CKB,2018-07
3882,1492,HBAR,2018-03
3883,1492,IOTX,2018-02
3884,1492,OXT,2017-10
3885,1492,TT,2018-01
3886,1493,SHIFT,2018-02
3887,1494,RLY,2017-04
3888,1495,UBQ,2014-11
3889,1496,IF,2021-06
3890,1497,GMEE,2018-08
3891,1498,BERRY,2020-05
3892,1499,HOPR,2016-06
3893,1500,CTXC,2018-06
3894,1501,KDA,2018-04
3895,1502,GRT,2020-06
3896,1503,MOB,2021-08
3897,1504,DMD,2017-03
3898,1504,HUB,2018-06
3899,1505,SENSE,2016-08
3900,1506,CWAP,2021-05
3901,1507,HOPR,2020-07
3902,1508,VSP,2018-05
3903,1509,SHIFT,2018-09
3904,1510,IF,2021-06
3905,1511,CLOUT,2021-03
3906,1512,BOSON,2021-03
3907,1512,CFG,2021-02
3908,1512,DIA,2020-08
3909,1512,DWZ,2021-02
3910,1512,KAVA,2019-06
3911,1512,KEX,2020-12
3912,1512,RAVEN,2019-06
3913,1512,RAZOR,2020-11
3914,1512,REEF,2020-09
3915,1512,SHFT,2019-12
3916,1512,STKR,2020-02
3917,1512,WCFG,2021-02
3918,1512,XPRT,2020-08
3919,1512,erowan,2020-08
3920,1513,MVL,2021-04
3921,1514,TOP,2018-05
3922,1515,FIL,2017-08
3923,1515,PAY,2017-06
3924,1515,SNT,2017-06
3925,1516,DVPN,2020-09
3926,1516,EXRD,2020-07
3927,1517,CTSI,2019-01
3928,1518,PENDLE,2021-05
3929,1519,CVC,2017-06
3930,1519,GRT,2020-06
3931,1519,MAID,2014-04
3932,1519,QTUM,2017-01
3933,1519,VALOR,2019-07
3934,1520,LKK,2018-09
3935,1521,MASK,2020-11
3936,1521,PENDLE,2021-05
3937,1522,CELO,2018-06
3938,1523,STORJ,2017-02
3939,1524,HOT,2021-08
3940,1525,SI,2021-03
3941,1526,HBAR,2021-02
3942,1527,BEAM,2021-05
3943,1527,PTF,2020-09
3944,1527,TSX,2021-04
3945,1528,AMPL,2018-03
3946,1528,FORTH,2018-03
3947,1529,SHFT,2018-06
3948,1530,SPS,2021-07
3949,1531,STORJ,2016-05
3950,1532,CSP,2018-09
3951,1533,AR,2018-01
3952,1533,BZZ,2014-10
3953,1533,CTXC,2020-01
3954,1533,FIN,2020-01
3955,1533,LBA,2018-05
3956,1533,LOOM,2018-01
3957,1533,MLN,2021-01
3958,1533,MOBI,2019-07
3959,1533,REP,2013-05
3960,1533,RLY,2016-06
3961,1533,SWM,2014-03
3962,1534,AR,2018-01
3963,1534,MLN,2021-01
3964,1535,CTXC,2020-01
3965,1536,REP,2013-05
3966,1537,FIN,2020-01
3967,1538,SWM,2014-03
3968,1539,RLY,2016-06
3969,1540,LOOM,2018-01
3970,1541,DMD,2017-03
3971,1542,INSUR,2021-02
3972,1542,STX,2019-07
3973,1543,BUX,2021-04
3974,1543,KEEP,2016-08
3975,1543,OST,2016-11
3976,1544,IF,2021-06
3977,1545,XPRT,2020-10
3978,1546,AUDIO,2021-09
3979,1547,CEL,2020-06
3980,1548,XRP,2019-12
3981,1549,FIL,2017-08
3982,1550,MIX,2019-01
3983,1551,INJ,2020-07
3984,1552,AUDIO,2021-09
3985,1553,MCO2,2021-01
3986,1554,ENG,2016-09
3987,1555,ONE,2015-01
3988,1556,CDT,2019-06
3989,1557,GTC,2021-04
3990,1557,IF,2021-06
3991,1557,MPL,2020-12
3992,1557,POOL,2020-10
3993,1557,PUSH,2020-12
3994,1558,RAISE,2012-10
3995,1559,1INCH,2020-12
3996,1559,AMPL,2018-12
3997,1559,BAND,2019-06
3998,1559,DVF,2021-05
3999,1559,FORTH,2018-12
4000,1559,NAOS,2021-03
4001,1559,PENDLE,2021-05
4002,1559,SI,2020-12
4003,1559,STX,2019-07
4004,1559,WILD,2021-05
4005,1560,TFUEL,2017-12
4006,1560,THETA,2017-12
4007,1561,INXT,2021-06
4008,1562,INXT,2020-10
4009,1563,ARIA20,2021-03
4010,1564,BUX,2017-10
4011,1565,BVOL,2021-07
4012,1565,FTT,2021-07
4013,1565,HEDGE,2021-07
4014,1566,YGG,2021-06
4015,1567,XRP,2015-05
4016,1568,BVOL,2021-07
4017,1568,FTT,2021-07
4018,1568,HEDGE,2021-07
4019,1569,PUSH,2020-12
4020,1570,FLOW,2020-10
4021,1570,POWR,2017-09
4022,1570,SOL,2020-03
4023,1571,VNDC,2018-01
4024,1572,AAVE,2020-07
4025,1572,AVAX,2021-09
4026,1572,BAL,2021-02
4027,1572,DDX,2020-07
4028,1572,DODO,2020-10
4029,1572,LDO,2021-05
4030,1572,MINA,2020-10
4031,1572,PERP,2020-08
4032,1572,STETH,2021-05
4033,1573,VEGA,2021-03
4034,1574,DPI,2018-12
4035,1574,MVI,2018-12
4036,1574,NFTI,2018-12
4037,1574,OXT,2017-10
4038,1574,SHIFT,2014-11
4039,1575,GMEE,2019-05
4040,1576,YOP,2015-05
4041,1577,ANT,2020-02
4042,1577,BNT,2017-06
4043,1577,DXT,2015-01
4044,1577,GDT,2020-11
4045,1577,PRO,2020-10
4046,1577,VBNT,2017-06
4047,1578,SNT,2014-03
4048,1579,XRP,2013-03
4049,1580,MOB,2021-08
4050,1581,ALI,2018-03
4051,1582,SHIFT,2018-02
4052,1583,SHLD,2021-05
4053,1584,BOSON,2021-03
4054,1585,SPIKE,2016-09
4055,1586,GET,2017-09
4056,1587,EWT,2017-05
4057,1588,KRT,2021-06
4058,1588,LUNA,2021-06
4059,1588,SDT,2021-06
4060,1589,RLY,2012-06
4061,1590,HUB,2020-07
4062,1591,RAISE,2020-01
4063,1592,LQTY,2019-12
4064,1593,SHIFT,2013-03
4065,1594,PERP,2020-08
4066,1595,RAMP,2020-08
4067,1596,$KING,2020-10
4068,1597,KLAY,2018-12
4069,1597,KRT,2018-08
4070,1597,LUNA,2018-08
4071,1597,QSP,2019-03
4072,1597,SDT,2018-08
4073,1598,CBAT,2018-05
4074,1598,CCOMP,2018-05
4075,1598,CDAI,2018-05
4076,1598,COMP,2018-05
4077,1598,CREP,2018-05
4078,1598,CUNI,2018-05
4079,1598,CWBTC,2018-05
4080,1598,CZRX,2018-05
4081,1598,RLY,2012-06
4082,1599,BOSON,2020-10
4083,1600,FOX,2015-09
4084,1601,BLZ,2019-08
4085,1601,DGX,2019-03
4086,1601,HUM,2020-03
4087,1601,LIMEX,2019-03
4088,1601,QSP,2020-03
4089,1601,TEMCO,2019-03
4090,1602,MOB,2021-08
4091,1603,BLZ,2016-03
4092,1603,GMEE,2019-05
4093,1603,SAND,2020-03
4094,1604,AMPL,2018-03
4095,1604,DFX,2021-02
4096,1604,FORTH,2018-03
4097,1604,HNS,2015-03
4098,1604,IF,2021-06
4099,1604,NRVE,2013-10
4100,1604,XCH,2018-03
4101,1605,ICX,2018-10
4102,1606,QARK,2021-06
4103,1607,MoFi,2021-04
4104,1607,YLD,2020-12
4105,1608,OXT,2017-10
4106,1609,NRVE,2017-04
4107,1610,OGN,2018-04
4108,1611,MOB,2021-08
4109,1612,SPORTS,2021-03
4110,1613,GEO,2019-03
4111,1614,MOB,2021-08
4112,1615,STORJ,2016-05
4113,1616,QASH,2016-09
4114,1617,HUB,2018-06
4115,1618,NEU,2020-12
4116,1619,ID,2013-04
4117,1620,MIX,2019-01
4118,1621,HUB,2018-06
4119,1622,NULS,2018-10
4120,1623,CEN,2019-01
4121,1624,$COIN,2014-05
4122,1624,HNS,2012-11
4123,1625,KAVA,2019-02
4124,1625,ONE,2019-04
4125,1626,ALGO,2018-02
4126,1626,AR,2019-11
4127,1626,FIL,2017-08
4128,1626,HNT,2019-06
4129,1626,NMR,2016-12
4130,1626,STX,2014-11
4131,1626,UNI,2020-08
4132,1627,QARK,2021-06
4133,1627,TBC,2021-04
4134,1628,DVPN,2020-09
4135,1629,TFUEL,2019-05
4136,1629,THETA,2019-05
4137,1630,RLY,2018-09
4138,1631,RLY,2021-05
4139,1632,CPAY,2018-01
4140,1633,RLY,2016-06
4141,1634,VALOR,2019-07
4142,1635,ALGO,2018-10
4143,1635,MIX,2019-01
4144,1635,TT,2019-02
4145,1636,SHIFT,2013-09
4146,1637,ACXT,2020-09
4147,1638,BEST,2020-09
4148,1639,HNS,2021-05
4149,1640,CELO,2019-12
4150,1640,CXO,2014-07
4151,1641,BVOL,2021-07
4152,1641,FTT,2021-07
4153,1641,HEDGE,2021-07
4154,1642,UNI,2020-08
4155,1643,XRP,2013-04
4156,1644,PLA,2018-11
4157,1645,ETHA,2021-03
4158,1646,OST,2016-11
4159,1647,HOT,2017-03
4160,1648,UBQ,2016-12
4161,1649,BUX,2017-10
4162,1650,BOSON,2021-03
4163,1650,ROYA,2021-01
4164,1651,KEEP,2015-04
4165,1652,VALOR,2019-07
4166,1653,ASP,2018-03
4167,1653,GASP,2018-03
4168,1653,KRT,2021-06
4169,1653,LUNA,2021-06
4170,1653,QSP,2019-03
4171,1653,SDT,2021-06
4172,1654,ICX,2018-10
4173,1655,CELO,2018-06
4174,1655,NXM,2019-10
4175,1655,STX,2017-01
4176,1655,UNI,2020-08
4177,1656,BNB,2018-10
4178,1657,BNB,2018-10
4179,1658,BNB,2018-10
4180,1659,HBAR,2018-02
4181,1660,VGX,2021-05
4182,1661,TBC,2021-04
4183,1662,RLY,2012-06
4184,1663,CELO,2018-06
4185,1664,AIT,2018-01
4186,1664,BIKI,2019-11
4187,1665,ICP,2018-08
4188,1666,XST,2020-05
4189,1667,SHX,2018-07
4190,1668,SNT,2014-03
4191,1669,MTL,2016-04
4192,1670,FIL,2017-08
4193,1670,HBAR,2018-08
4194,1670,OCEAN,2018-03
4195,1670,OGN,2017-12
4196,1670,OXT,2018-04
4197,1670,SKL,2018-10
4198,1670,STX,2017-12
4199,1670,ZRX,2017-06
4200,1671,AUCTION,2020-01
4201,1672,ICX,2018-10
4202,1673,CKB,2018-07
4203,1673,DPI,2018-12
4204,1673,MOB,2021-08
4205,1673,MVI,2018-12
4206,1673,NFTI,2018-12
4207,1674,MKR,2017-12
4208,1674,STMX,2017-08
4209,1675,CTXC,2014-09
4210,1676,CKB,2018-07
4211,1677,BXX,2019-12
4212,1678,CELO,2018-06
4213,1679,ATN,2018-02
4214,1679,OIN,2020-08
4215,1679,PHTR,2021-04
4216,1680,GDT,2021-04
4217,1681,GDT,2019-05
4218,1681,NEAR,2019-04
4219,1681,SENSE,2017-12
4220,1681,SKL,2019-07
4221,1682,ICX,2020-08
4222,1683,DOCK,2019-08
4223,1684,LOC,2021-03
4224,1685,TFUEL,2019-05
4225,1685,THETA,2019-05
4226,1686,ELEC,2018-03
4227,1687,MX,2019-07
4228,1688,CEN,2019-01
4229,1689,PAX,2021-04
4230,1689,PAXG,2021-04
4231,1690,ART,2017-02
4232,1691,OPT,2020-07
4233,1692,USF,2021-03
4234,1693,VGX,2018-06
4235,1694,BVOL,2021-07
4236,1694,FTT,2021-07
4237,1694,HEDGE,2021-07
4238,1695,BETH,2015-09
4239,1695,BTC,2017-01
4240,1695,CLOUT,2021-03
4241,1695,ETH,2015-09
4242,1695,FIL,2014-07
4243,1695,SKL,2019-10
4244,1695,STX,2017-12
4245,1695,XTZ,2018-07
4246,1695,ZEC,2021-01
4247,1696,BEAM,2021-05
4248,1697,BEST,2021-05
4249,1697,INDEX,2021-07
4250,1697,MVI,2021-07
4251,1698,SHFT,2016-03
4252,1699,RLY,2018-09
4253,1700,SENSE,2015-01
4254,1701,BAND,2019-06
4255,1701,MARSH,2021-03
4256,1702,REEF,2020-09
4257,1702,TVK,2020-11
4258,1703,KEEP,2018-04
4259,1703,MKR,2017-12
4260,1704,BYN,2021-06
4261,1704,DOP,2021-05
4262,1704,DWZ,2021-02
4263,1704,FORM,2021-05
4264,1704,ISP,2021-05
4265,1704,MARSH,2021-03
4266,1704,RAGE,2021-03
4267,1704,TBC,2021-04
4268,1704,TLM,2021-03
4269,1705,TKN,2018-01
4270,1706,NRVE,2017-04
4271,1707,MAKI,2021-04
4272,1708,QTUM,2017-01
4273,1709,KAVA,2019-02
4274,1709,NEAR,2019-07
4275,1709,VEGA,2019-10
4276,1710,DMT,2020-06
4277,1711,$COIN,2013-03
4278,1711,ASP,2018-03
4279,1711,CBAT,2019-08
4280,1711,CCOMP,2019-08
4281,1711,CDAI,2019-08
4282,1711,COMP,2019-08
4283,1711,CREP,2019-08
4284,1711,CTXC,2020-03
4285,1711,CUNI,2019-08
4286,1711,CWBTC,2019-08
4287,1711,CZRX,2019-08
4288,1711,FIL,2014-07
4289,1711,GASP,2018-03
4290,1711,GDT,2019-03
4291,1711,KRT,2021-02
4292,1711,LUNA,2021-02
4293,1711,MLN,2017-08
4294,1711,NU,2016-08
4295,1711,QSP,2018-01
4296,1711,REQ,2017-03
4297,1711,SDT,2021-02
4298,1711,STX,2014-07
4299,1711,UBQ,2014-11
4300,1712,NU,2018-04
4301,1713,RLY,2014-11
4302,1714,TRUE,2019-06
4303,1715,YLD,2020-12
4304,1716,OXT,2017-08
4305,1717,SPS,2021-07
4306,1718,BVOL,2015-03
4307,1718,FTT,2015-03
4308,1718,HEDGE,2015-03
4309,1719,BEAM,2021-05
4310,1719,HUB,2018-06
4311,1719,LQD,2018-03
4312,1719,NAOS,2021-04
4313,1719,PENDLE,2021-05
4314,1719,YGG,2021-03
4315,1720,KRT,2021-06
4316,1720,LUNA,2021-06
4317,1720,SDT,2021-06
4318,1721,MAPS,2013-11
4319,1722,ETHA,2021-03
4320,1723,ANT,2017-05
4321,1723,ATA,2021-03
4322,1723,BAND,2019-06
4323,1723,BOSON,2021-03
4324,1723,BZRX,2018-03
4325,1723,CFG,2021-02
4326,1723,DIA,2020-08
4327,1723,IF,2021-06
4328,1723,LINA,2020-09
4329,1723,LTO,2019-01
4330,1723,MARSH,2021-03
4331,1723,MATIC,2019-04
4332,1723,MEM,2021-05
4333,1723,NEAR,2020-05
4334,1723,NXM,2019-10
4335,1723,PHTR,2021-04
4336,1723,POLS,2020-09
4337,1723,ROYA,2021-01
4338,1723,SHLD,2021-05
4339,1723,TVK,2020-11
4340,1723,UOS,2019-07
4341,1723,VEGA,2021-03
4342,1723,WCFG,2021-02
4343,1723,XPRT,2020-10
4344,1724,BIA,2019-04
4345,1724,LQD,2018-03
4346,1724,RAZOR,2020-11
4347,1725,ID,2012-01
4348,1726,BETH,2017-05
4349,1726,ETH,2017-05
4350,1726,LTC,2017-05
4351,1727,GTC,2021-04
4352,1728,PERP,2020-08
4353,1728,VEGA,2021-03
4354,1729,STMX,2021-04
4355,1730,STKR,2020-02
4356,1731,AGIX,2017-12
4357,1731,DREP,2018-06
4358,1731,EQUAD,2018-07
4359,1731,LBA,2018-04
4360,1731,OCEAN,2018-03
4361,1731,UTU,2017-04
4362,1732,HT,2014-01
4363,1732,IOST,2016-01
4364,1732,TT,2019-02
4365,1733,TFUEL,2017-12
4366,1733,THETA,2017-12
4367,1734,XIN,2015-09
4368,1735,KAN,2018-04
4369,1736,BERRY,2017-10
4370,1737,MARSH,2021-03
4371,1737,SHLD,2021-05
4372,1738,AR,2019-11
4373,1738,CELO,2019-04
4374,1739,BUX,2016-02
4375,1740,COTI,2021-04
4376,1740,OCC,2021-06
4377,1741,2KEY,2018-04
4378,1741,GRT,2020-06
4379,1741,RAVEN,2019-05
4380,1742,API3,2019-11
4381,1743,VGX,2016-08
4382,1744,1INCH,2020-12
4383,1744,CEL,2020-07
4384,1744,IDLE,2020-11
4385,1744,OGN,2018-04
4386,1744,TFUEL,2017-12
4387,1744,THETA,2017-12
4388,1744,VEGA,2019-10
4389,1744,YGG,2021-03
4390,1745,CWAP,2021-05
4391,1745,TSX,2021-04
4392,1746,CTXC,2011-03
4393,1747,REP,2015-10
4394,1748,HPY,2019-12
4395,1749,MVL,2020-05
4396,1750,CKB,2018-07
4397,1750,INSUR,2021-02
4398,1750,MIX,2019-01
4399,1750,PENDLE,2021-05
4400,1751,GHX,2018-06
4401,1752,IF,2021-06
4402,1753,CEL,2020-07
4403,1754,ATOM,2017-04
4404,1754,BAND,2019-06
4405,1754,INJ,2020-09
4406,1754,KAVA,2019-07
4407,1754,KRT,2019-04
4408,1754,LUNA,2019-04
4409,1754,SDT,2019-04
4410,1754,SKL,2018-10
4411,1755,YOYOW,2017-05
4412,1756,DVF,2021-05
